ISO-10303-21;
HEADER;
/* Generated by software containing ST-Developer
 * from STEP Tools, Inc. (www.steptools.com) 
 */

FILE_DESCRIPTION(
/* description */ ('STEP AP214'),
/* implementation_level */ '2;1');

FILE_NAME(
/* name */ 'Handle.step',
/* time_stamp */ '2025-12-08T12:53:15+01:00',
/* author */ (''),
/* organization */ (''),
/* preprocessor_version */ 'ST-DEVELOPER v20.1',
/* originating_system */ 'Autodesk Translation Framework v14.21.0.0',
/* authorisation */ '');

FILE_SCHEMA (('AUTOMOTIVE_DESIGN { 1 0 10303 214 3 1 1 }'));
ENDSEC;

DATA;
#10=MECHANICAL_DESIGN_GEOMETRIC_PRESENTATION_REPRESENTATION('',(#13),#2823);
#11=SHAPE_REPRESENTATION_RELATIONSHIP('SRR','None',#2829,#12);
#12=ADVANCED_BREP_SHAPE_REPRESENTATION('',(#14),#2822);
#13=STYLED_ITEM('',(#2843),#14);
#14=MANIFOLD_SOLID_BREP('CustomHandle',#1663);
#15=B_SPLINE_SURFACE_WITH_KNOTS('',3,1,((#2719,#2720),(#2721,#2722),(#2723,
#2724),(#2725,#2726),(#2727,#2728)),.UNSPECIFIED.,.F.,.F.,.F.,(4,1,4),(2,
2),(0.0410624290047307,0.461851862939024,0.946131764476915),(0.,1.2),
 .UNSPECIFIED.);
#16=B_SPLINE_CURVE_WITH_KNOTS('',3,(#2470,#2471,#2472,#2473,#2474,#2475,
#2476),.UNSPECIFIED.,.F.,.F.,(4,3,4),(0.0410624289992316,0.461851862954477,
0.946131764516482),.UNSPECIFIED.);
#17=B_SPLINE_CURVE_WITH_KNOTS('',3,(#2582,#2583,#2584,#2585,#2586,#2587,
#2588),.UNSPECIFIED.,.F.,.F.,(4,3,4),(0.0410624289992316,0.461851862954477,
0.946131764516482),.UNSPECIFIED.);
#18=B_SPLINE_CURVE_WITH_KNOTS('',3,(#2594,#2595,#2596,#2597,#2598,#2599,
#2600,#2601,#2602,#2603),.UNSPECIFIED.,.F.,.F.,(4,2,2,2,4),(-0.0767005821728364,
-0.0573553670155815,-0.0380101518583265,-0.0190050759291633,0.),
 .UNSPECIFIED.);
#19=B_SPLINE_CURVE_WITH_KNOTS('',3,(#2607,#2608,#2609,#2610,#2611,#2612,
#2613,#2614,#2615,#2616),.UNSPECIFIED.,.F.,.F.,(4,2,2,2,4),(-0.305816874462154,
-0.28699238836263,-0.268167902263106,-0.248642427215485,-0.229116952167864),
 .UNSPECIFIED.);
#20=B_SPLINE_CURVE_WITH_KNOTS('',3,(#2628,#2629,#2630,#2631,#2632,#2633,
#2634,#2635,#2636,#2637),.UNSPECIFIED.,.F.,.F.,(4,2,2,2,4),(0.,0.0192078040207404,
0.0384156080414808,0.0583365157388594,0.078257423436238),.UNSPECIFIED.);
#21=B_SPLINE_CURVE_WITH_KNOTS('',3,(#2641,#2642,#2643,#2644,#2645,#2646,
#2647,#2648,#2649,#2650),.UNSPECIFIED.,.F.,.F.,(4,2,2,2,4),(0.0771555242760588,
0.0970764319734374,0.116997339670816,0.136205143691556,0.155412947712297),
 .UNSPECIFIED.);
#22=B_SPLINE_CURVE_WITH_KNOTS('',3,(#2654,#2655,#2656,#2657,#2658,#2659,
#2660,#2661,#2662,#2663),.UNSPECIFIED.,.F.,.F.,(4,2,2,2,4),(0.155409303503481,
0.17423120700967,0.193053110515858,0.213358307417419,0.233663504318979),
 .UNSPECIFIED.);
#23=B_SPLINE_CURVE_WITH_KNOTS('',3,(#2666,#2667,#2668,#2669,#2670,#2671,
#2672,#2673,#2674,#2675),.UNSPECIFIED.,.F.,.F.,(4,2,2,2,4),(0.232564406191466,
0.252869603093026,0.273174799994586,0.291996703500774,0.310818607006963),
 .UNSPECIFIED.);
#24=FACE_BOUND('',#185,.T.);
#25=FACE_BOUND('',#195,.T.);
#26=FACE_BOUND('',#198,.T.);
#27=FACE_BOUND('',#201,.T.);
#28=FACE_BOUND('',#210,.T.);
#29=PLANE('',#1677);
#30=PLANE('',#1678);
#31=PLANE('',#1679);
#32=PLANE('',#1680);
#33=PLANE('',#1681);
#34=PLANE('',#1682);
#35=PLANE('',#1692);
#36=PLANE('',#1696);
#37=PLANE('',#1697);
#38=PLANE('',#1701);
#39=PLANE('',#1702);
#40=PLANE('',#1703);
#41=PLANE('',#1704);
#42=PLANE('',#1711);
#43=PLANE('',#1714);
#44=PLANE('',#1725);
#45=PLANE('',#1726);
#46=PLANE('',#1746);
#47=PLANE('',#1748);
#48=PLANE('',#1750);
#49=PLANE('',#1751);
#50=PLANE('',#1754);
#51=PLANE('',#1755);
#52=PLANE('',#1760);
#53=PLANE('',#1761);
#54=PLANE('',#1762);
#55=PLANE('',#1763);
#56=PLANE('',#1770);
#57=PLANE('',#1773);
#58=PLANE('',#1774);
#59=PLANE('',#1775);
#60=PLANE('',#1776);
#61=PLANE('',#1781);
#62=PLANE('',#1782);
#63=PLANE('',#1783);
#64=PLANE('',#1784);
#65=PLANE('',#1785);
#66=PLANE('',#1786);
#67=PLANE('',#1787);
#68=PLANE('',#1788);
#69=PLANE('',#1789);
#70=PLANE('',#1791);
#71=PLANE('',#1792);
#72=PLANE('',#1793);
#73=PLANE('',#1794);
#74=PLANE('',#1795);
#75=PLANE('',#1796);
#76=PLANE('',#1797);
#77=PLANE('',#1798);
#78=PLANE('',#1799);
#79=PLANE('',#1800);
#80=PLANE('',#1801);
#81=PLANE('',#1802);
#82=ELLIPSE('',#1669,1.76509941276463,1.75);
#83=ELLIPSE('',#1712,0.504314117932756,0.500000000000004);
#84=ELLIPSE('',#1713,0.504314117932807,0.500000000000054);
#85=FACE_OUTER_BOUND('',#168,.T.);
#86=FACE_OUTER_BOUND('',#169,.T.);
#87=FACE_OUTER_BOUND('',#170,.T.);
#88=FACE_OUTER_BOUND('',#171,.T.);
#89=FACE_OUTER_BOUND('',#172,.T.);
#90=FACE_OUTER_BOUND('',#173,.T.);
#91=FACE_OUTER_BOUND('',#174,.T.);
#92=FACE_OUTER_BOUND('',#175,.T.);
#93=FACE_OUTER_BOUND('',#176,.T.);
#94=FACE_OUTER_BOUND('',#177,.T.);
#95=FACE_OUTER_BOUND('',#178,.T.);
#96=FACE_OUTER_BOUND('',#179,.T.);
#97=FACE_OUTER_BOUND('',#180,.T.);
#98=FACE_OUTER_BOUND('',#181,.T.);
#99=FACE_OUTER_BOUND('',#182,.T.);
#100=FACE_OUTER_BOUND('',#183,.T.);
#101=FACE_OUTER_BOUND('',#184,.T.);
#102=FACE_OUTER_BOUND('',#186,.T.);
#103=FACE_OUTER_BOUND('',#187,.T.);
#104=FACE_OUTER_BOUND('',#188,.T.);
#105=FACE_OUTER_BOUND('',#189,.T.);
#106=FACE_OUTER_BOUND('',#190,.T.);
#107=FACE_OUTER_BOUND('',#191,.T.);
#108=FACE_OUTER_BOUND('',#192,.T.);
#109=FACE_OUTER_BOUND('',#193,.T.);
#110=FACE_OUTER_BOUND('',#194,.T.);
#111=FACE_OUTER_BOUND('',#196,.T.);
#112=FACE_OUTER_BOUND('',#197,.T.);
#113=FACE_OUTER_BOUND('',#199,.T.);
#114=FACE_OUTER_BOUND('',#200,.T.);
#115=FACE_OUTER_BOUND('',#202,.T.);
#116=FACE_OUTER_BOUND('',#203,.T.);
#117=FACE_OUTER_BOUND('',#204,.T.);
#118=FACE_OUTER_BOUND('',#205,.T.);
#119=FACE_OUTER_BOUND('',#206,.T.);
#120=FACE_OUTER_BOUND('',#207,.T.);
#121=FACE_OUTER_BOUND('',#208,.T.);
#122=FACE_OUTER_BOUND('',#209,.T.);
#123=FACE_OUTER_BOUND('',#211,.T.);
#124=FACE_OUTER_BOUND('',#212,.T.);
#125=FACE_OUTER_BOUND('',#213,.T.);
#126=FACE_OUTER_BOUND('',#214,.T.);
#127=FACE_OUTER_BOUND('',#215,.T.);
#128=FACE_OUTER_BOUND('',#216,.T.);
#129=FACE_OUTER_BOUND('',#217,.T.);
#130=FACE_OUTER_BOUND('',#218,.T.);
#131=FACE_OUTER_BOUND('',#219,.T.);
#132=FACE_OUTER_BOUND('',#220,.T.);
#133=FACE_OUTER_BOUND('',#221,.T.);
#134=FACE_OUTER_BOUND('',#222,.T.);
#135=FACE_OUTER_BOUND('',#223,.T.);
#136=FACE_OUTER_BOUND('',#224,.T.);
#137=FACE_OUTER_BOUND('',#225,.T.);
#138=FACE_OUTER_BOUND('',#226,.T.);
#139=FACE_OUTER_BOUND('',#227,.T.);
#140=FACE_OUTER_BOUND('',#228,.T.);
#141=FACE_OUTER_BOUND('',#229,.T.);
#142=FACE_OUTER_BOUND('',#230,.T.);
#143=FACE_OUTER_BOUND('',#231,.T.);
#144=FACE_OUTER_BOUND('',#232,.T.);
#145=FACE_OUTER_BOUND('',#233,.T.);
#146=FACE_OUTER_BOUND('',#234,.T.);
#147=FACE_OUTER_BOUND('',#235,.T.);
#148=FACE_OUTER_BOUND('',#236,.T.);
#149=FACE_OUTER_BOUND('',#237,.T.);
#150=FACE_OUTER_BOUND('',#238,.T.);
#151=FACE_OUTER_BOUND('',#239,.T.);
#152=FACE_OUTER_BOUND('',#240,.T.);
#153=FACE_OUTER_BOUND('',#241,.T.);
#154=FACE_OUTER_BOUND('',#242,.T.);
#155=FACE_OUTER_BOUND('',#243,.T.);
#156=FACE_OUTER_BOUND('',#244,.T.);
#157=FACE_OUTER_BOUND('',#245,.T.);
#158=FACE_OUTER_BOUND('',#246,.T.);
#159=FACE_OUTER_BOUND('',#247,.T.);
#160=FACE_OUTER_BOUND('',#248,.T.);
#161=FACE_OUTER_BOUND('',#249,.T.);
#162=FACE_OUTER_BOUND('',#250,.T.);
#163=FACE_OUTER_BOUND('',#251,.T.);
#164=FACE_OUTER_BOUND('',#252,.T.);
#165=FACE_OUTER_BOUND('',#253,.T.);
#166=FACE_OUTER_BOUND('',#254,.T.);
#167=FACE_OUTER_BOUND('',#255,.T.);
#168=EDGE_LOOP('',(#1067,#1068,#1069,#1070));
#169=EDGE_LOOP('',(#1071,#1072,#1073,#1074));
#170=EDGE_LOOP('',(#1075,#1076,#1077,#1078));
#171=EDGE_LOOP('',(#1079,#1080,#1081,#1082));
#172=EDGE_LOOP('',(#1083,#1084,#1085,#1086));
#173=EDGE_LOOP('',(#1087,#1088,#1089,#1090,#1091,#1092,#1093,#1094));
#174=EDGE_LOOP('',(#1095,#1096,#1097,#1098));
#175=EDGE_LOOP('',(#1099,#1100,#1101,#1102,#1103,#1104,#1105,#1106));
#176=EDGE_LOOP('',(#1107,#1108,#1109,#1110));
#177=EDGE_LOOP('',(#1111,#1112,#1113,#1114));
#178=EDGE_LOOP('',(#1115,#1116,#1117,#1118));
#179=EDGE_LOOP('',(#1119,#1120,#1121,#1122));
#180=EDGE_LOOP('',(#1123,#1124,#1125,#1126));
#181=EDGE_LOOP('',(#1127,#1128,#1129,#1130,#1131));
#182=EDGE_LOOP('',(#1132,#1133,#1134,#1135));
#183=EDGE_LOOP('',(#1136,#1137,#1138,#1139,#1140));
#184=EDGE_LOOP('',(#1141,#1142,#1143,#1144));
#185=EDGE_LOOP('',(#1145));
#186=EDGE_LOOP('',(#1146,#1147,#1148,#1149));
#187=EDGE_LOOP('',(#1150,#1151,#1152,#1153));
#188=EDGE_LOOP('',(#1154,#1155,#1156,#1157));
#189=EDGE_LOOP('',(#1158,#1159,#1160,#1161));
#190=EDGE_LOOP('',(#1162,#1163,#1164,#1165));
#191=EDGE_LOOP('',(#1166,#1167,#1168,#1169));
#192=EDGE_LOOP('',(#1170,#1171,#1172,#1173));
#193=EDGE_LOOP('',(#1174,#1175,#1176,#1177,#1178,#1179,#1180,#1181,#1182,
#1183));
#194=EDGE_LOOP('',(#1184,#1185,#1186,#1187,#1188,#1189,#1190,#1191,#1192,
#1193,#1194,#1195,#1196,#1197,#1198,#1199,#1200,#1201,#1202,#1203,#1204,
#1205,#1206,#1207,#1208,#1209,#1210,#1211,#1212,#1213,#1214,#1215,#1216,
#1217,#1218,#1219,#1220,#1221,#1222,#1223,#1224,#1225,#1226,#1227));
#195=EDGE_LOOP('',(#1228));
#196=EDGE_LOOP('',(#1229,#1230,#1231,#1232));
#197=EDGE_LOOP('',(#1233,#1234,#1235,#1236,#1237,#1238,#1239,#1240,#1241,
#1242,#1243,#1244,#1245,#1246,#1247,#1248,#1249,#1250,#1251,#1252,#1253,
#1254,#1255,#1256,#1257,#1258,#1259,#1260,#1261,#1262,#1263,#1264,#1265,
#1266,#1267,#1268,#1269,#1270,#1271,#1272,#1273,#1274,#1275,#1276));
#198=EDGE_LOOP('',(#1277));
#199=EDGE_LOOP('',(#1278,#1279,#1280,#1281,#1282,#1283,#1284,#1285,#1286,
#1287));
#200=EDGE_LOOP('',(#1288,#1289,#1290,#1291));
#201=EDGE_LOOP('',(#1292,#1293,#1294,#1295,#1296,#1297,#1298,#1299));
#202=EDGE_LOOP('',(#1300,#1301,#1302,#1303,#1304,#1305,#1306,#1307,#1308,
#1309,#1310,#1311,#1312,#1313));
#203=EDGE_LOOP('',(#1314,#1315,#1316,#1317,#1318,#1319,#1320,#1321,#1322,
#1323,#1324,#1325,#1326,#1327));
#204=EDGE_LOOP('',(#1328,#1329,#1330,#1331));
#205=EDGE_LOOP('',(#1332,#1333,#1334,#1335));
#206=EDGE_LOOP('',(#1336,#1337,#1338,#1339));
#207=EDGE_LOOP('',(#1340,#1341,#1342,#1343));
#208=EDGE_LOOP('',(#1344,#1345,#1346,#1347));
#209=EDGE_LOOP('',(#1348,#1349,#1350,#1351));
#210=EDGE_LOOP('',(#1352));
#211=EDGE_LOOP('',(#1353,#1354,#1355,#1356));
#212=EDGE_LOOP('',(#1357,#1358,#1359,#1360));
#213=EDGE_LOOP('',(#1361,#1362,#1363,#1364));
#214=EDGE_LOOP('',(#1365,#1366,#1367,#1368));
#215=EDGE_LOOP('',(#1369,#1370,#1371,#1372));
#216=EDGE_LOOP('',(#1373,#1374,#1375,#1376));
#217=EDGE_LOOP('',(#1377,#1378,#1379,#1380,#1381,#1382));
#218=EDGE_LOOP('',(#1383,#1384,#1385,#1386,#1387,#1388));
#219=EDGE_LOOP('',(#1389,#1390,#1391,#1392));
#220=EDGE_LOOP('',(#1393,#1394,#1395,#1396));
#221=EDGE_LOOP('',(#1397,#1398,#1399,#1400));
#222=EDGE_LOOP('',(#1401,#1402,#1403,#1404));
#223=EDGE_LOOP('',(#1405,#1406,#1407,#1408));
#224=EDGE_LOOP('',(#1409,#1410,#1411,#1412,#1413));
#225=EDGE_LOOP('',(#1414,#1415,#1416,#1417));
#226=EDGE_LOOP('',(#1418,#1419,#1420,#1421,#1422));
#227=EDGE_LOOP('',(#1423,#1424,#1425,#1426));
#228=EDGE_LOOP('',(#1427,#1428,#1429,#1430));
#229=EDGE_LOOP('',(#1431,#1432,#1433,#1434));
#230=EDGE_LOOP('',(#1435,#1436,#1437,#1438));
#231=EDGE_LOOP('',(#1439,#1440,#1441,#1442));
#232=EDGE_LOOP('',(#1443,#1444,#1445,#1446));
#233=EDGE_LOOP('',(#1447,#1448,#1449,#1450));
#234=EDGE_LOOP('',(#1451,#1452,#1453,#1454));
#235=EDGE_LOOP('',(#1455,#1456,#1457,#1458));
#236=EDGE_LOOP('',(#1459,#1460,#1461,#1462,#1463,#1464));
#237=EDGE_LOOP('',(#1465,#1466,#1467,#1468,#1469,#1470));
#238=EDGE_LOOP('',(#1471,#1472,#1473,#1474));
#239=EDGE_LOOP('',(#1475,#1476,#1477,#1478));
#240=EDGE_LOOP('',(#1479,#1480,#1481,#1482,#1483,#1484));
#241=EDGE_LOOP('',(#1485,#1486,#1487,#1488,#1489,#1490));
#242=EDGE_LOOP('',(#1491,#1492,#1493,#1494));
#243=EDGE_LOOP('',(#1495,#1496,#1497,#1498));
#244=EDGE_LOOP('',(#1499,#1500,#1501,#1502,#1503));
#245=EDGE_LOOP('',(#1504,#1505,#1506,#1507));
#246=EDGE_LOOP('',(#1508,#1509,#1510,#1511));
#247=EDGE_LOOP('',(#1512,#1513,#1514,#1515,#1516));
#248=EDGE_LOOP('',(#1517,#1518,#1519,#1520));
#249=EDGE_LOOP('',(#1521,#1522,#1523,#1524));
#250=EDGE_LOOP('',(#1525,#1526,#1527,#1528,#1529));
#251=EDGE_LOOP('',(#1530,#1531,#1532,#1533));
#252=EDGE_LOOP('',(#1534,#1535,#1536,#1537));
#253=EDGE_LOOP('',(#1538,#1539,#1540,#1541,#1542));
#254=EDGE_LOOP('',(#1543,#1544,#1545,#1546));
#255=EDGE_LOOP('',(#1547,#1548,#1549,#1550));
#256=LINE('',#2265,#434);
#257=LINE('',#2268,#435);
#258=LINE('',#2273,#436);
#259=LINE('',#2280,#437);
#260=LINE('',#2283,#438);
#261=LINE('',#2288,#439);
#262=LINE('',#2293,#440);
#263=LINE('',#2295,#441);
#264=LINE('',#2297,#442);
#265=LINE('',#2298,#443);
#266=LINE('',#2302,#444);
#267=LINE('',#2304,#445);
#268=LINE('',#2306,#446);
#269=LINE('',#2308,#447);
#270=LINE('',#2310,#448);
#271=LINE('',#2312,#449);
#272=LINE('',#2314,#450);
#273=LINE('',#2315,#451);
#274=LINE('',#2319,#452);
#275=LINE('',#2321,#453);
#276=LINE('',#2323,#454);
#277=LINE('',#2324,#455);
#278=LINE('',#2328,#456);
#279=LINE('',#2330,#457);
#280=LINE('',#2332,#458);
#281=LINE('',#2334,#459);
#282=LINE('',#2336,#460);
#283=LINE('',#2338,#461);
#284=LINE('',#2340,#462);
#285=LINE('',#2341,#463);
#286=LINE('',#2345,#464);
#287=LINE('',#2347,#465);
#288=LINE('',#2349,#466);
#289=LINE('',#2350,#467);
#290=LINE('',#2354,#468);
#291=LINE('',#2356,#469);
#292=LINE('',#2358,#470);
#293=LINE('',#2359,#471);
#294=LINE('',#2365,#472);
#295=LINE('',#2368,#473);
#296=LINE('',#2374,#474);
#297=LINE('',#2377,#475);
#298=LINE('',#2382,#476);
#299=LINE('',#2385,#477);
#300=LINE('',#2387,#478);
#301=LINE('',#2388,#479);
#302=LINE('',#2394,#480);
#303=LINE('',#2396,#481);
#304=LINE('',#2398,#482);
#305=LINE('',#2399,#483);
#306=LINE('',#2402,#484);
#307=LINE('',#2404,#485);
#308=LINE('',#2405,#486);
#309=LINE('',#2411,#487);
#310=LINE('',#2414,#488);
#311=LINE('',#2416,#489);
#312=LINE('',#2418,#490);
#313=LINE('',#2419,#491);
#314=LINE('',#2422,#492);
#315=LINE('',#2424,#493);
#316=LINE('',#2425,#494);
#317=LINE('',#2427,#495);
#318=LINE('',#2432,#496);
#319=LINE('',#2437,#497);
#320=LINE('',#2441,#498);
#321=LINE('',#2445,#499);
#322=LINE('',#2447,#500);
#323=LINE('',#2449,#501);
#324=LINE('',#2451,#502);
#325=LINE('',#2453,#503);
#326=LINE('',#2457,#504);
#327=LINE('',#2460,#505);
#328=LINE('',#2464,#506);
#329=LINE('',#2468,#507);
#330=LINE('',#2480,#508);
#331=LINE('',#2484,#509);
#332=LINE('',#2488,#510);
#333=LINE('',#2493,#511);
#334=LINE('',#2497,#512);
#335=LINE('',#2499,#513);
#336=LINE('',#2501,#514);
#337=LINE('',#2502,#515);
#338=LINE('',#2504,#516);
#339=LINE('',#2506,#517);
#340=LINE('',#2507,#518);
#341=LINE('',#2509,#519);
#342=LINE('',#2511,#520);
#343=LINE('',#2512,#521);
#344=LINE('',#2514,#522);
#345=LINE('',#2516,#523);
#346=LINE('',#2517,#524);
#347=LINE('',#2521,#525);
#348=LINE('',#2526,#526);
#349=LINE('',#2527,#527);
#350=LINE('',#2528,#528);
#351=LINE('',#2532,#529);
#352=LINE('',#2536,#530);
#353=LINE('',#2540,#531);
#354=LINE('',#2543,#532);
#355=LINE('',#2545,#533);
#356=LINE('',#2546,#534);
#357=LINE('',#2548,#535);
#358=LINE('',#2550,#536);
#359=LINE('',#2551,#537);
#360=LINE('',#2553,#538);
#361=LINE('',#2555,#539);
#362=LINE('',#2556,#540);
#363=LINE('',#2558,#541);
#364=LINE('',#2560,#542);
#365=LINE('',#2561,#543);
#366=LINE('',#2565,#544);
#367=LINE('',#2572,#545);
#368=LINE('',#2576,#546);
#369=LINE('',#2580,#547);
#370=LINE('',#2605,#548);
#371=LINE('',#2619,#549);
#372=LINE('',#2620,#550);
#373=LINE('',#2626,#551);
#374=LINE('',#2652,#552);
#375=LINE('',#2678,#553);
#376=LINE('',#2680,#554);
#377=LINE('',#2682,#555);
#378=LINE('',#2683,#556);
#379=LINE('',#2685,#557);
#380=LINE('',#2687,#558);
#381=LINE('',#2689,#559);
#382=LINE('',#2693,#560);
#383=LINE('',#2694,#561);
#384=LINE('',#2697,#562);
#385=LINE('',#2699,#563);
#386=LINE('',#2701,#564);
#387=LINE('',#2705,#565);
#388=LINE('',#2707,#566);
#389=LINE('',#2708,#567);
#390=LINE('',#2710,#568);
#391=LINE('',#2712,#569);
#392=LINE('',#2713,#570);
#393=LINE('',#2715,#571);
#394=LINE('',#2716,#572);
#395=LINE('',#2718,#573);
#396=LINE('',#2732,#574);
#397=LINE('',#2733,#575);
#398=LINE('',#2735,#576);
#399=LINE('',#2736,#577);
#400=LINE('',#2742,#578);
#401=LINE('',#2743,#579);
#402=LINE('',#2745,#580);
#403=LINE('',#2746,#581);
#404=LINE('',#2748,#582);
#405=LINE('',#2749,#583);
#406=LINE('',#2751,#584);
#407=LINE('',#2752,#585);
#408=LINE('',#2759,#586);
#409=LINE('',#2761,#587);
#410=LINE('',#2763,#588);
#411=LINE('',#2767,#589);
#412=LINE('',#2768,#590);
#413=LINE('',#2770,#591);
#414=LINE('',#2772,#592);
#415=LINE('',#2773,#593);
#416=LINE('',#2775,#594);
#417=LINE('',#2776,#595);
#418=LINE('',#2778,#596);
#419=LINE('',#2779,#597);
#420=LINE('',#2785,#598);
#421=LINE('',#2786,#599);
#422=LINE('',#2789,#600);
#423=LINE('',#2791,#601);
#424=LINE('',#2794,#602);
#425=LINE('',#2795,#603);
#426=LINE('',#2801,#604);
#427=LINE('',#2803,#605);
#428=LINE('',#2806,#606);
#429=LINE('',#2808,#607);
#430=LINE('',#2811,#608);
#431=LINE('',#2813,#609);
#432=LINE('',#2816,#610);
#433=LINE('',#2818,#611);
#434=VECTOR('',#1809,1000.);
#435=VECTOR('',#1812,1000.);
#436=VECTOR('',#1817,2.75);
#437=VECTOR('',#1824,1000.);
#438=VECTOR('',#1827,1000.);
#439=VECTOR('',#1832,1.6);
#440=VECTOR('',#1837,1000.);
#441=VECTOR('',#1838,1000.);
#442=VECTOR('',#1839,1000.);
#443=VECTOR('',#1840,1000.);
#444=VECTOR('',#1843,1000.);
#445=VECTOR('',#1844,1000.);
#446=VECTOR('',#1845,1000.);
#447=VECTOR('',#1846,1000.);
#448=VECTOR('',#1847,1000.);
#449=VECTOR('',#1848,1000.);
#450=VECTOR('',#1849,1000.);
#451=VECTOR('',#1850,1000.);
#452=VECTOR('',#1853,1000.);
#453=VECTOR('',#1854,1000.);
#454=VECTOR('',#1855,1000.);
#455=VECTOR('',#1856,1000.);
#456=VECTOR('',#1859,1000.);
#457=VECTOR('',#1860,1000.);
#458=VECTOR('',#1861,1000.);
#459=VECTOR('',#1862,1000.);
#460=VECTOR('',#1863,1000.);
#461=VECTOR('',#1864,1000.);
#462=VECTOR('',#1865,1000.);
#463=VECTOR('',#1866,1000.);
#464=VECTOR('',#1869,1000.);
#465=VECTOR('',#1870,1000.);
#466=VECTOR('',#1871,1000.);
#467=VECTOR('',#1872,1000.);
#468=VECTOR('',#1875,1000.);
#469=VECTOR('',#1876,1000.);
#470=VECTOR('',#1877,1000.);
#471=VECTOR('',#1878,1000.);
#472=VECTOR('',#1883,1000.);
#473=VECTOR('',#1886,1000.);
#474=VECTOR('',#1891,1000.);
#475=VECTOR('',#1894,1000.);
#476=VECTOR('',#1899,1000.);
#477=VECTOR('',#1902,1000.);
#478=VECTOR('',#1905,1000.);
#479=VECTOR('',#1906,1000.);
#480=VECTOR('',#1911,1000.);
#481=VECTOR('',#1914,1000.);
#482=VECTOR('',#1917,1000.);
#483=VECTOR('',#1918,1000.);
#484=VECTOR('',#1921,1000.);
#485=VECTOR('',#1922,1000.);
#486=VECTOR('',#1923,1000.);
#487=VECTOR('',#1928,1000.);
#488=VECTOR('',#1931,1000.);
#489=VECTOR('',#1934,1000.);
#490=VECTOR('',#1937,1000.);
#491=VECTOR('',#1938,1000.);
#492=VECTOR('',#1941,1000.);
#493=VECTOR('',#1942,1000.);
#494=VECTOR('',#1943,1000.);
#495=VECTOR('',#1946,1000.);
#496=VECTOR('',#1951,1000.);
#497=VECTOR('',#1956,1000.);
#498=VECTOR('',#1959,1000.);
#499=VECTOR('',#1964,1000.);
#500=VECTOR('',#1965,1000.);
#501=VECTOR('',#1966,1000.);
#502=VECTOR('',#1967,1000.);
#503=VECTOR('',#1968,1000.);
#504=VECTOR('',#1971,1000.);
#505=VECTOR('',#1974,1000.);
#506=VECTOR('',#1977,1000.);
#507=VECTOR('',#1980,1000.);
#508=VECTOR('',#1985,1000.);
#509=VECTOR('',#1988,1000.);
#510=VECTOR('',#1991,1000.);
#511=VECTOR('',#1996,1000.);
#512=VECTOR('',#1999,1000.);
#513=VECTOR('',#2000,1000.);
#514=VECTOR('',#2001,1000.);
#515=VECTOR('',#2002,1000.);
#516=VECTOR('',#2003,1000.);
#517=VECTOR('',#2004,1000.);
#518=VECTOR('',#2005,1000.);
#519=VECTOR('',#2006,1000.);
#520=VECTOR('',#2007,1000.);
#521=VECTOR('',#2008,1000.);
#522=VECTOR('',#2009,1000.);
#523=VECTOR('',#2010,1000.);
#524=VECTOR('',#2011,1000.);
#525=VECTOR('',#2014,1000.);
#526=VECTOR('',#2019,1000.);
#527=VECTOR('',#2020,1000.);
#528=VECTOR('',#2021,1000.);
#529=VECTOR('',#2024,1000.);
#530=VECTOR('',#2027,1000.);
#531=VECTOR('',#2030,1000.);
#532=VECTOR('',#2033,1000.);
#533=VECTOR('',#2034,1000.);
#534=VECTOR('',#2035,1000.);
#535=VECTOR('',#2036,1000.);
#536=VECTOR('',#2037,1000.);
#537=VECTOR('',#2038,1000.);
#538=VECTOR('',#2039,1000.);
#539=VECTOR('',#2040,1000.);
#540=VECTOR('',#2041,1000.);
#541=VECTOR('',#2042,1000.);
#542=VECTOR('',#2043,1000.);
#543=VECTOR('',#2044,1000.);
#544=VECTOR('',#2047,1000.);
#545=VECTOR('',#2054,1000.);
#546=VECTOR('',#2057,1000.);
#547=VECTOR('',#2060,1000.);
#548=VECTOR('',#2069,1000.);
#549=VECTOR('',#2072,1000.);
#550=VECTOR('',#2073,1000.);
#551=VECTOR('',#2080,1000.);
#552=VECTOR('',#2083,1000.);
#553=VECTOR('',#2088,1000.);
#554=VECTOR('',#2089,1000.);
#555=VECTOR('',#2090,1000.);
#556=VECTOR('',#2091,1000.);
#557=VECTOR('',#2092,1000.);
#558=VECTOR('',#2093,1000.);
#559=VECTOR('',#2094,1000.);
#560=VECTOR('',#2097,1000.);
#561=VECTOR('',#2098,1000.);
#562=VECTOR('',#2101,1000.);
#563=VECTOR('',#2102,1000.);
#564=VECTOR('',#2103,1000.);
#565=VECTOR('',#2106,1000.);
#566=VECTOR('',#2107,1000.);
#567=VECTOR('',#2108,1000.);
#568=VECTOR('',#2109,1000.);
#569=VECTOR('',#2110,1000.);
#570=VECTOR('',#2111,1000.);
#571=VECTOR('',#2114,1000.);
#572=VECTOR('',#2115,1000.);
#573=VECTOR('',#2118,1000.);
#574=VECTOR('',#2125,1000.);
#575=VECTOR('',#2126,1000.);
#576=VECTOR('',#2129,1000.);
#577=VECTOR('',#2130,1000.);
#578=VECTOR('',#2141,1000.);
#579=VECTOR('',#2142,1000.);
#580=VECTOR('',#2145,1000.);
#581=VECTOR('',#2146,1000.);
#582=VECTOR('',#2149,1000.);
#583=VECTOR('',#2150,1000.);
#584=VECTOR('',#2153,1000.);
#585=VECTOR('',#2154,1000.);
#586=VECTOR('',#2165,1000.);
#587=VECTOR('',#2168,1000.);
#588=VECTOR('',#2171,1000.);
#589=VECTOR('',#2176,1000.);
#590=VECTOR('',#2177,1000.);
#591=VECTOR('',#2180,1000.);
#592=VECTOR('',#2183,1000.);
#593=VECTOR('',#2184,1000.);
#594=VECTOR('',#2187,1000.);
#595=VECTOR('',#2188,1000.);
#596=VECTOR('',#2191,1000.);
#597=VECTOR('',#2192,1000.);
#598=VECTOR('',#2203,1000.);
#599=VECTOR('',#2204,1000.);
#600=VECTOR('',#2209,1000.);
#601=VECTOR('',#2212,1000.);
#602=VECTOR('',#2217,1000.);
#603=VECTOR('',#2218,1000.);
#604=VECTOR('',#2229,1000.);
#605=VECTOR('',#2232,1000.);
#606=VECTOR('',#2237,1000.);
#607=VECTOR('',#2240,1000.);
#608=VECTOR('',#2245,1000.);
#609=VECTOR('',#2248,1000.);
#610=VECTOR('',#2253,1000.);
#611=VECTOR('',#2256,1000.);
#612=CIRCLE('',#1666,1.);
#613=CIRCLE('',#1667,1.);
#614=CIRCLE('',#1670,1.75);
#615=CIRCLE('',#1672,2.);
#616=CIRCLE('',#1673,2.);
#617=CIRCLE('',#1675,1.6);
#618=CIRCLE('',#1676,1.6);
#619=CIRCLE('',#1684,2.);
#620=CIRCLE('',#1685,2.);
#621=CIRCLE('',#1687,2.);
#622=CIRCLE('',#1688,2.);
#623=CIRCLE('',#1690,3.05);
#624=CIRCLE('',#1691,3.05);
#625=CIRCLE('',#1694,3.05);
#626=CIRCLE('',#1695,3.05);
#627=CIRCLE('',#1699,2.);
#628=CIRCLE('',#1700,2.);
#629=CIRCLE('',#1706,2.);
#630=CIRCLE('',#1707,2.);
#631=CIRCLE('',#1709,10.);
#632=CIRCLE('',#1710,10.);
#633=CIRCLE('',#1715,5.);
#634=CIRCLE('',#1716,2.);
#635=CIRCLE('',#1717,2.);
#636=CIRCLE('',#1718,2.);
#637=CIRCLE('',#1719,2.);
#638=CIRCLE('',#1720,2.);
#639=CIRCLE('',#1721,8.5);
#640=CIRCLE('',#1722,2.);
#641=CIRCLE('',#1723,2.);
#642=CIRCLE('',#1724,2.);
#643=CIRCLE('',#1727,5.);
#644=CIRCLE('',#1728,2.);
#645=CIRCLE('',#1729,2.);
#646=CIRCLE('',#1730,2.);
#647=CIRCLE('',#1731,8.5);
#648=CIRCLE('',#1732,10.);
#649=CIRCLE('',#1733,2.);
#650=CIRCLE('',#1734,2.);
#651=CIRCLE('',#1735,2.);
#652=CIRCLE('',#1736,2.);
#653=CIRCLE('',#1737,2.);
#654=CIRCLE('',#1739,8.5);
#655=CIRCLE('',#1740,8.5);
#656=CIRCLE('',#1742,6.);
#657=CIRCLE('',#1743,6.);
#658=CIRCLE('',#1744,6.);
#659=CIRCLE('',#1745,6.);
#660=CIRCLE('',#1747,3.05);
#661=CIRCLE('',#1749,3.05);
#662=CIRCLE('',#1753,10.);
#663=CIRCLE('',#1769,3.05);
#664=CIRCLE('',#1772,3.05);
#665=VERTEX_POINT('',#2261);
#666=VERTEX_POINT('',#2262);
#667=VERTEX_POINT('',#2264);
#668=VERTEX_POINT('',#2266);
#669=VERTEX_POINT('',#2270);
#670=VERTEX_POINT('',#2272);
#671=VERTEX_POINT('',#2276);
#672=VERTEX_POINT('',#2277);
#673=VERTEX_POINT('',#2279);
#674=VERTEX_POINT('',#2281);
#675=VERTEX_POINT('',#2285);
#676=VERTEX_POINT('',#2287);
#677=VERTEX_POINT('',#2291);
#678=VERTEX_POINT('',#2292);
#679=VERTEX_POINT('',#2294);
#680=VERTEX_POINT('',#2296);
#681=VERTEX_POINT('',#2300);
#682=VERTEX_POINT('',#2301);
#683=VERTEX_POINT('',#2303);
#684=VERTEX_POINT('',#2305);
#685=VERTEX_POINT('',#2307);
#686=VERTEX_POINT('',#2309);
#687=VERTEX_POINT('',#2311);
#688=VERTEX_POINT('',#2313);
#689=VERTEX_POINT('',#2317);
#690=VERTEX_POINT('',#2318);
#691=VERTEX_POINT('',#2320);
#692=VERTEX_POINT('',#2322);
#693=VERTEX_POINT('',#2326);
#694=VERTEX_POINT('',#2327);
#695=VERTEX_POINT('',#2329);
#696=VERTEX_POINT('',#2331);
#697=VERTEX_POINT('',#2333);
#698=VERTEX_POINT('',#2335);
#699=VERTEX_POINT('',#2337);
#700=VERTEX_POINT('',#2339);
#701=VERTEX_POINT('',#2343);
#702=VERTEX_POINT('',#2344);
#703=VERTEX_POINT('',#2346);
#704=VERTEX_POINT('',#2348);
#705=VERTEX_POINT('',#2352);
#706=VERTEX_POINT('',#2353);
#707=VERTEX_POINT('',#2355);
#708=VERTEX_POINT('',#2357);
#709=VERTEX_POINT('',#2361);
#710=VERTEX_POINT('',#2362);
#711=VERTEX_POINT('',#2364);
#712=VERTEX_POINT('',#2366);
#713=VERTEX_POINT('',#2370);
#714=VERTEX_POINT('',#2371);
#715=VERTEX_POINT('',#2373);
#716=VERTEX_POINT('',#2375);
#717=VERTEX_POINT('',#2379);
#718=VERTEX_POINT('',#2381);
#719=VERTEX_POINT('',#2383);
#720=VERTEX_POINT('',#2390);
#721=VERTEX_POINT('',#2391);
#722=VERTEX_POINT('',#2393);
#723=VERTEX_POINT('',#2401);
#724=VERTEX_POINT('',#2403);
#725=VERTEX_POINT('',#2407);
#726=VERTEX_POINT('',#2408);
#727=VERTEX_POINT('',#2410);
#728=VERTEX_POINT('',#2412);
#729=VERTEX_POINT('',#2421);
#730=VERTEX_POINT('',#2423);
#731=VERTEX_POINT('',#2429);
#732=VERTEX_POINT('',#2431);
#733=VERTEX_POINT('',#2435);
#734=VERTEX_POINT('',#2436);
#735=VERTEX_POINT('',#2438);
#736=VERTEX_POINT('',#2440);
#737=VERTEX_POINT('',#2444);
#738=VERTEX_POINT('',#2446);
#739=VERTEX_POINT('',#2448);
#740=VERTEX_POINT('',#2450);
#741=VERTEX_POINT('',#2452);
#742=VERTEX_POINT('',#2454);
#743=VERTEX_POINT('',#2456);
#744=VERTEX_POINT('',#2458);
#745=VERTEX_POINT('',#2462);
#746=VERTEX_POINT('',#2463);
#747=VERTEX_POINT('',#2465);
#748=VERTEX_POINT('',#2467);
#749=VERTEX_POINT('',#2477);
#750=VERTEX_POINT('',#2479);
#751=VERTEX_POINT('',#2481);
#752=VERTEX_POINT('',#2483);
#753=VERTEX_POINT('',#2485);
#754=VERTEX_POINT('',#2487);
#755=VERTEX_POINT('',#2490);
#756=VERTEX_POINT('',#2492);
#757=VERTEX_POINT('',#2494);
#758=VERTEX_POINT('',#2496);
#759=VERTEX_POINT('',#2498);
#760=VERTEX_POINT('',#2500);
#761=VERTEX_POINT('',#2503);
#762=VERTEX_POINT('',#2505);
#763=VERTEX_POINT('',#2508);
#764=VERTEX_POINT('',#2510);
#765=VERTEX_POINT('',#2513);
#766=VERTEX_POINT('',#2515);
#767=VERTEX_POINT('',#2518);
#768=VERTEX_POINT('',#2520);
#769=VERTEX_POINT('',#2524);
#770=VERTEX_POINT('',#2525);
#771=VERTEX_POINT('',#2530);
#772=VERTEX_POINT('',#2531);
#773=VERTEX_POINT('',#2533);
#774=VERTEX_POINT('',#2535);
#775=VERTEX_POINT('',#2537);
#776=VERTEX_POINT('',#2539);
#777=VERTEX_POINT('',#2542);
#778=VERTEX_POINT('',#2544);
#779=VERTEX_POINT('',#2547);
#780=VERTEX_POINT('',#2549);
#781=VERTEX_POINT('',#2552);
#782=VERTEX_POINT('',#2554);
#783=VERTEX_POINT('',#2557);
#784=VERTEX_POINT('',#2559);
#785=VERTEX_POINT('',#2562);
#786=VERTEX_POINT('',#2564);
#787=VERTEX_POINT('',#2566);
#788=VERTEX_POINT('',#2569);
#789=VERTEX_POINT('',#2571);
#790=VERTEX_POINT('',#2573);
#791=VERTEX_POINT('',#2575);
#792=VERTEX_POINT('',#2577);
#793=VERTEX_POINT('',#2579);
#794=VERTEX_POINT('',#2591);
#795=VERTEX_POINT('',#2593);
#796=VERTEX_POINT('',#2604);
#797=VERTEX_POINT('',#2606);
#798=VERTEX_POINT('',#2617);
#799=VERTEX_POINT('',#2624);
#800=VERTEX_POINT('',#2625);
#801=VERTEX_POINT('',#2627);
#802=VERTEX_POINT('',#2638);
#803=VERTEX_POINT('',#2640);
#804=VERTEX_POINT('',#2651);
#805=VERTEX_POINT('',#2653);
#806=VERTEX_POINT('',#2664);
#807=VERTEX_POINT('',#2677);
#808=VERTEX_POINT('',#2679);
#809=VERTEX_POINT('',#2681);
#810=VERTEX_POINT('',#2684);
#811=VERTEX_POINT('',#2686);
#812=VERTEX_POINT('',#2688);
#813=VERTEX_POINT('',#2690);
#814=VERTEX_POINT('',#2692);
#815=VERTEX_POINT('',#2696);
#816=VERTEX_POINT('',#2698);
#817=VERTEX_POINT('',#2700);
#818=VERTEX_POINT('',#2702);
#819=VERTEX_POINT('',#2704);
#820=VERTEX_POINT('',#2706);
#821=VERTEX_POINT('',#2709);
#822=VERTEX_POINT('',#2711);
#823=VERTEX_POINT('',#2758);
#824=VERTEX_POINT('',#2765);
#825=EDGE_CURVE('',#665,#666,#612,.T.);
#826=EDGE_CURVE('',#667,#665,#256,.T.);
#827=EDGE_CURVE('',#668,#667,#613,.T.);
#828=EDGE_CURVE('',#666,#668,#257,.T.);
#829=EDGE_CURVE('',#669,#669,#82,.T.);
#830=EDGE_CURVE('',#669,#670,#258,.T.);
#831=EDGE_CURVE('',#670,#670,#614,.T.);
#832=EDGE_CURVE('',#671,#672,#615,.T.);
#833=EDGE_CURVE('',#673,#671,#259,.T.);
#834=EDGE_CURVE('',#674,#673,#616,.T.);
#835=EDGE_CURVE('',#672,#674,#260,.T.);
#836=EDGE_CURVE('',#675,#675,#617,.T.);
#837=EDGE_CURVE('',#675,#676,#261,.T.);
#838=EDGE_CURVE('',#676,#676,#618,.T.);
#839=EDGE_CURVE('',#677,#678,#262,.T.);
#840=EDGE_CURVE('',#679,#678,#263,.T.);
#841=EDGE_CURVE('',#679,#680,#264,.T.);
#842=EDGE_CURVE('',#680,#677,#265,.T.);
#843=EDGE_CURVE('',#681,#682,#266,.T.);
#844=EDGE_CURVE('',#683,#681,#267,.T.);
#845=EDGE_CURVE('',#683,#684,#268,.T.);
#846=EDGE_CURVE('',#684,#685,#269,.T.);
#847=EDGE_CURVE('',#685,#686,#270,.T.);
#848=EDGE_CURVE('',#687,#686,#271,.T.);
#849=EDGE_CURVE('',#687,#688,#272,.T.);
#850=EDGE_CURVE('',#682,#688,#273,.T.);
#851=EDGE_CURVE('',#689,#690,#274,.T.);
#852=EDGE_CURVE('',#691,#690,#275,.T.);
#853=EDGE_CURVE('',#691,#692,#276,.T.);
#854=EDGE_CURVE('',#689,#692,#277,.T.);
#855=EDGE_CURVE('',#693,#694,#278,.T.);
#856=EDGE_CURVE('',#695,#694,#279,.T.);
#857=EDGE_CURVE('',#696,#695,#280,.T.);
#858=EDGE_CURVE('',#697,#696,#281,.T.);
#859=EDGE_CURVE('',#697,#698,#282,.T.);
#860=EDGE_CURVE('',#699,#698,#283,.T.);
#861=EDGE_CURVE('',#699,#700,#284,.T.);
#862=EDGE_CURVE('',#700,#693,#285,.T.);
#863=EDGE_CURVE('',#701,#702,#286,.T.);
#864=EDGE_CURVE('',#703,#702,#287,.T.);
#865=EDGE_CURVE('',#703,#704,#288,.T.);
#866=EDGE_CURVE('',#704,#701,#289,.T.);
#867=EDGE_CURVE('',#705,#706,#290,.T.);
#868=EDGE_CURVE('',#707,#706,#291,.T.);
#869=EDGE_CURVE('',#707,#708,#292,.T.);
#870=EDGE_CURVE('',#705,#708,#293,.T.);
#871=EDGE_CURVE('',#709,#710,#619,.T.);
#872=EDGE_CURVE('',#711,#709,#294,.T.);
#873=EDGE_CURVE('',#712,#711,#620,.T.);
#874=EDGE_CURVE('',#712,#710,#295,.T.);
#875=EDGE_CURVE('',#713,#714,#621,.T.);
#876=EDGE_CURVE('',#715,#714,#296,.T.);
#877=EDGE_CURVE('',#716,#715,#622,.T.);
#878=EDGE_CURVE('',#716,#713,#297,.T.);
#879=EDGE_CURVE('',#717,#690,#623,.T.);
#880=EDGE_CURVE('',#717,#718,#298,.T.);
#881=EDGE_CURVE('',#718,#719,#624,.T.);
#882=EDGE_CURVE('',#719,#690,#299,.T.);
#883=EDGE_CURVE('',#717,#715,#300,.T.);
#884=EDGE_CURVE('',#689,#716,#301,.T.);
#885=EDGE_CURVE('',#720,#721,#625,.T.);
#886=EDGE_CURVE('',#721,#722,#302,.T.);
#887=EDGE_CURVE('',#707,#722,#626,.T.);
#888=EDGE_CURVE('',#707,#720,#303,.T.);
#889=EDGE_CURVE('',#709,#722,#304,.T.);
#890=EDGE_CURVE('',#710,#708,#305,.T.);
#891=EDGE_CURVE('',#723,#671,#306,.T.);
#892=EDGE_CURVE('',#723,#724,#307,.T.);
#893=EDGE_CURVE('',#673,#724,#308,.T.);
#894=EDGE_CURVE('',#725,#726,#627,.T.);
#895=EDGE_CURVE('',#725,#727,#309,.T.);
#896=EDGE_CURVE('',#728,#727,#628,.T.);
#897=EDGE_CURVE('',#726,#728,#310,.T.);
#898=EDGE_CURVE('',#705,#712,#311,.T.);
#899=EDGE_CURVE('',#701,#728,#312,.T.);
#900=EDGE_CURVE('',#726,#704,#313,.T.);
#901=EDGE_CURVE('',#729,#680,#314,.T.);
#902=EDGE_CURVE('',#729,#730,#315,.T.);
#903=EDGE_CURVE('',#730,#677,#316,.T.);
#904=EDGE_CURVE('',#692,#713,#317,.T.);
#905=EDGE_CURVE('',#731,#729,#629,.T.);
#906=EDGE_CURVE('',#731,#732,#318,.T.);
#907=EDGE_CURVE('',#732,#730,#630,.T.);
#908=EDGE_CURVE('',#733,#734,#319,.T.);
#909=EDGE_CURVE('',#733,#735,#631,.T.);
#910=EDGE_CURVE('',#736,#735,#320,.T.);
#911=EDGE_CURVE('',#734,#736,#632,.T.);
#912=EDGE_CURVE('',#737,#734,#321,.T.);
#913=EDGE_CURVE('',#737,#738,#322,.T.);
#914=EDGE_CURVE('',#739,#738,#323,.T.);
#915=EDGE_CURVE('',#739,#740,#324,.T.);
#916=EDGE_CURVE('',#741,#740,#325,.T.);
#917=EDGE_CURVE('',#741,#742,#83,.T.);
#918=EDGE_CURVE('',#743,#742,#326,.T.);
#919=EDGE_CURVE('',#743,#744,#84,.T.);
#920=EDGE_CURVE('',#733,#744,#327,.T.);
#921=EDGE_CURVE('',#745,#746,#328,.T.);
#922=EDGE_CURVE('',#745,#747,#633,.T.);
#923=EDGE_CURVE('',#747,#748,#329,.T.);
#924=EDGE_CURVE('',#748,#668,#634,.T.);
#925=EDGE_CURVE('',#674,#667,#16,.T.);
#926=EDGE_CURVE('',#724,#749,#635,.T.);
#927=EDGE_CURVE('',#750,#749,#330,.T.);
#928=EDGE_CURVE('',#750,#751,#636,.T.);
#929=EDGE_CURVE('',#752,#751,#331,.T.);
#930=EDGE_CURVE('',#752,#753,#637,.T.);
#931=EDGE_CURVE('',#754,#753,#332,.T.);
#932=EDGE_CURVE('',#754,#737,#638,.T.);
#933=EDGE_CURVE('',#736,#755,#639,.T.);
#934=EDGE_CURVE('',#755,#756,#333,.T.);
#935=EDGE_CURVE('',#756,#757,#640,.T.);
#936=EDGE_CURVE('',#758,#757,#334,.T.);
#937=EDGE_CURVE('',#758,#759,#335,.T.);
#938=EDGE_CURVE('',#759,#760,#336,.T.);
#939=EDGE_CURVE('',#760,#700,#337,.T.);
#940=EDGE_CURVE('',#761,#699,#338,.T.);
#941=EDGE_CURVE('',#762,#761,#339,.T.);
#942=EDGE_CURVE('',#762,#706,#340,.T.);
#943=EDGE_CURVE('',#711,#763,#341,.T.);
#944=EDGE_CURVE('',#763,#764,#342,.T.);
#945=EDGE_CURVE('',#764,#725,#343,.T.);
#946=EDGE_CURVE('',#765,#703,#344,.T.);
#947=EDGE_CURVE('',#766,#765,#345,.T.);
#948=EDGE_CURVE('',#766,#686,#346,.T.);
#949=EDGE_CURVE('',#685,#767,#641,.T.);
#950=EDGE_CURVE('',#768,#767,#347,.T.);
#951=EDGE_CURVE('',#768,#746,#642,.T.);
#952=EDGE_CURVE('',#769,#770,#348,.T.);
#953=EDGE_CURVE('',#758,#769,#349,.T.);
#954=EDGE_CURVE('',#757,#770,#350,.T.);
#955=EDGE_CURVE('',#771,#772,#351,.T.);
#956=EDGE_CURVE('',#772,#773,#643,.T.);
#957=EDGE_CURVE('',#773,#774,#352,.T.);
#958=EDGE_CURVE('',#774,#775,#644,.T.);
#959=EDGE_CURVE('',#775,#776,#353,.T.);
#960=EDGE_CURVE('',#776,#684,#645,.T.);
#961=EDGE_CURVE('',#777,#683,#354,.T.);
#962=EDGE_CURVE('',#778,#777,#355,.T.);
#963=EDGE_CURVE('',#778,#678,#356,.T.);
#964=EDGE_CURVE('',#779,#732,#357,.T.);
#965=EDGE_CURVE('',#780,#779,#358,.T.);
#966=EDGE_CURVE('',#714,#780,#359,.T.);
#967=EDGE_CURVE('',#781,#691,#360,.T.);
#968=EDGE_CURVE('',#782,#781,#361,.T.);
#969=EDGE_CURVE('',#782,#694,#362,.T.);
#970=EDGE_CURVE('',#693,#783,#363,.T.);
#971=EDGE_CURVE('',#784,#783,#364,.T.);
#972=EDGE_CURVE('',#769,#784,#365,.T.);
#973=EDGE_CURVE('',#770,#785,#646,.T.);
#974=EDGE_CURVE('',#785,#786,#366,.T.);
#975=EDGE_CURVE('',#786,#787,#647,.T.);
#976=EDGE_CURVE('',#787,#739,#648,.T.);
#977=EDGE_CURVE('',#738,#788,#649,.T.);
#978=EDGE_CURVE('',#788,#789,#367,.T.);
#979=EDGE_CURVE('',#789,#790,#650,.T.);
#980=EDGE_CURVE('',#790,#791,#368,.T.);
#981=EDGE_CURVE('',#791,#792,#651,.T.);
#982=EDGE_CURVE('',#792,#793,#369,.T.);
#983=EDGE_CURVE('',#793,#723,#652,.T.);
#984=EDGE_CURVE('',#672,#665,#17,.T.);
#985=EDGE_CURVE('',#666,#771,#653,.T.);
#986=EDGE_CURVE('',#794,#735,#654,.T.);
#987=EDGE_CURVE('',#794,#795,#18,.T.);
#988=EDGE_CURVE('',#796,#795,#370,.T.);
#989=EDGE_CURVE('',#796,#797,#19,.T.);
#990=EDGE_CURVE('',#798,#797,#655,.T.);
#991=EDGE_CURVE('',#798,#787,#371,.T.);
#992=EDGE_CURVE('',#755,#786,#372,.T.);
#993=EDGE_CURVE('',#696,#682,#656,.T.);
#994=EDGE_CURVE('',#697,#688,#657,.T.);
#995=EDGE_CURVE('',#799,#800,#373,.T.);
#996=EDGE_CURVE('',#800,#801,#20,.T.);
#997=EDGE_CURVE('',#801,#802,#658,.T.);
#998=EDGE_CURVE('',#802,#803,#21,.T.);
#999=EDGE_CURVE('',#803,#804,#374,.T.);
#1000=EDGE_CURVE('',#804,#805,#22,.T.);
#1001=EDGE_CURVE('',#805,#806,#659,.T.);
#1002=EDGE_CURVE('',#806,#799,#23,.T.);
#1003=EDGE_CURVE('',#721,#807,#375,.T.);
#1004=EDGE_CURVE('',#808,#720,#376,.T.);
#1005=EDGE_CURVE('',#809,#808,#377,.T.);
#1006=EDGE_CURVE('',#809,#698,#378,.T.);
#1007=EDGE_CURVE('',#810,#687,#379,.T.);
#1008=EDGE_CURVE('',#811,#810,#380,.T.);
#1009=EDGE_CURVE('',#811,#812,#381,.T.);
#1010=EDGE_CURVE('',#813,#812,#660,.T.);
#1011=EDGE_CURVE('',#814,#813,#382,.T.);
#1012=EDGE_CURVE('',#807,#814,#383,.T.);
#1013=EDGE_CURVE('',#718,#815,#384,.T.);
#1014=EDGE_CURVE('',#815,#816,#385,.T.);
#1015=EDGE_CURVE('',#816,#817,#386,.T.);
#1016=EDGE_CURVE('',#818,#817,#661,.T.);
#1017=EDGE_CURVE('',#819,#818,#387,.T.);
#1018=EDGE_CURVE('',#820,#819,#388,.T.);
#1019=EDGE_CURVE('',#820,#681,#389,.T.);
#1020=EDGE_CURVE('',#821,#695,#390,.T.);
#1021=EDGE_CURVE('',#822,#821,#391,.T.);
#1022=EDGE_CURVE('',#822,#719,#392,.T.);
#1023=EDGE_CURVE('',#747,#772,#393,.T.);
#1024=EDGE_CURVE('',#771,#748,#394,.T.);
#1025=EDGE_CURVE('',#785,#756,#395,.T.);
#1026=EDGE_CURVE('',#798,#740,#662,.T.);
#1027=EDGE_CURVE('',#767,#776,#396,.T.);
#1028=EDGE_CURVE('',#775,#768,#397,.T.);
#1029=EDGE_CURVE('',#773,#745,#398,.T.);
#1030=EDGE_CURVE('',#746,#774,#399,.T.);
#1031=EDGE_CURVE('',#795,#804,#400,.T.);
#1032=EDGE_CURVE('',#803,#796,#401,.T.);
#1033=EDGE_CURVE('',#742,#800,#402,.T.);
#1034=EDGE_CURVE('',#799,#743,#403,.T.);
#1035=EDGE_CURVE('',#805,#794,#404,.T.);
#1036=EDGE_CURVE('',#744,#806,#405,.T.);
#1037=EDGE_CURVE('',#797,#802,#406,.T.);
#1038=EDGE_CURVE('',#801,#741,#407,.T.);
#1039=EDGE_CURVE('',#817,#823,#408,.T.);
#1040=EDGE_CURVE('',#679,#823,#663,.T.);
#1041=EDGE_CURVE('',#679,#818,#409,.T.);
#1042=EDGE_CURVE('',#731,#823,#410,.T.);
#1043=EDGE_CURVE('',#824,#702,#664,.T.);
#1044=EDGE_CURVE('',#824,#813,#411,.T.);
#1045=EDGE_CURVE('',#812,#702,#412,.T.);
#1046=EDGE_CURVE('',#824,#727,#413,.T.);
#1047=EDGE_CURVE('',#749,#793,#414,.T.);
#1048=EDGE_CURVE('',#792,#750,#415,.T.);
#1049=EDGE_CURVE('',#751,#791,#416,.T.);
#1050=EDGE_CURVE('',#790,#752,#417,.T.);
#1051=EDGE_CURVE('',#753,#789,#418,.T.);
#1052=EDGE_CURVE('',#788,#754,#419,.T.);
#1053=EDGE_CURVE('',#783,#760,#420,.T.);
#1054=EDGE_CURVE('',#759,#784,#421,.T.);
#1055=EDGE_CURVE('',#764,#814,#422,.T.);
#1056=EDGE_CURVE('',#763,#807,#423,.T.);
#1057=EDGE_CURVE('',#815,#780,#424,.T.);
#1058=EDGE_CURVE('',#816,#779,#425,.T.);
#1059=EDGE_CURVE('',#808,#762,#426,.T.);
#1060=EDGE_CURVE('',#761,#809,#427,.T.);
#1061=EDGE_CURVE('',#765,#811,#428,.T.);
#1062=EDGE_CURVE('',#810,#766,#429,.T.);
#1063=EDGE_CURVE('',#781,#822,#430,.T.);
#1064=EDGE_CURVE('',#821,#782,#431,.T.);
#1065=EDGE_CURVE('',#819,#778,#432,.T.);
#1066=EDGE_CURVE('',#777,#820,#433,.T.);
#1067=ORIENTED_EDGE('',*,*,#825,.F.);
#1068=ORIENTED_EDGE('',*,*,#826,.F.);
#1069=ORIENTED_EDGE('',*,*,#827,.F.);
#1070=ORIENTED_EDGE('',*,*,#828,.F.);
#1071=ORIENTED_EDGE('',*,*,#829,.F.);
#1072=ORIENTED_EDGE('',*,*,#830,.T.);
#1073=ORIENTED_EDGE('',*,*,#831,.T.);
#1074=ORIENTED_EDGE('',*,*,#830,.F.);
#1075=ORIENTED_EDGE('',*,*,#832,.F.);
#1076=ORIENTED_EDGE('',*,*,#833,.F.);
#1077=ORIENTED_EDGE('',*,*,#834,.F.);
#1078=ORIENTED_EDGE('',*,*,#835,.F.);
#1079=ORIENTED_EDGE('',*,*,#836,.F.);
#1080=ORIENTED_EDGE('',*,*,#837,.T.);
#1081=ORIENTED_EDGE('',*,*,#838,.T.);
#1082=ORIENTED_EDGE('',*,*,#837,.F.);
#1083=ORIENTED_EDGE('',*,*,#839,.T.);
#1084=ORIENTED_EDGE('',*,*,#840,.F.);
#1085=ORIENTED_EDGE('',*,*,#841,.T.);
#1086=ORIENTED_EDGE('',*,*,#842,.T.);
#1087=ORIENTED_EDGE('',*,*,#843,.F.);
#1088=ORIENTED_EDGE('',*,*,#844,.F.);
#1089=ORIENTED_EDGE('',*,*,#845,.T.);
#1090=ORIENTED_EDGE('',*,*,#846,.T.);
#1091=ORIENTED_EDGE('',*,*,#847,.T.);
#1092=ORIENTED_EDGE('',*,*,#848,.F.);
#1093=ORIENTED_EDGE('',*,*,#849,.T.);
#1094=ORIENTED_EDGE('',*,*,#850,.F.);
#1095=ORIENTED_EDGE('',*,*,#851,.T.);
#1096=ORIENTED_EDGE('',*,*,#852,.F.);
#1097=ORIENTED_EDGE('',*,*,#853,.T.);
#1098=ORIENTED_EDGE('',*,*,#854,.F.);
#1099=ORIENTED_EDGE('',*,*,#855,.T.);
#1100=ORIENTED_EDGE('',*,*,#856,.F.);
#1101=ORIENTED_EDGE('',*,*,#857,.F.);
#1102=ORIENTED_EDGE('',*,*,#858,.F.);
#1103=ORIENTED_EDGE('',*,*,#859,.T.);
#1104=ORIENTED_EDGE('',*,*,#860,.F.);
#1105=ORIENTED_EDGE('',*,*,#861,.T.);
#1106=ORIENTED_EDGE('',*,*,#862,.T.);
#1107=ORIENTED_EDGE('',*,*,#863,.T.);
#1108=ORIENTED_EDGE('',*,*,#864,.F.);
#1109=ORIENTED_EDGE('',*,*,#865,.T.);
#1110=ORIENTED_EDGE('',*,*,#866,.T.);
#1111=ORIENTED_EDGE('',*,*,#867,.T.);
#1112=ORIENTED_EDGE('',*,*,#868,.F.);
#1113=ORIENTED_EDGE('',*,*,#869,.T.);
#1114=ORIENTED_EDGE('',*,*,#870,.F.);
#1115=ORIENTED_EDGE('',*,*,#871,.F.);
#1116=ORIENTED_EDGE('',*,*,#872,.F.);
#1117=ORIENTED_EDGE('',*,*,#873,.F.);
#1118=ORIENTED_EDGE('',*,*,#874,.T.);
#1119=ORIENTED_EDGE('',*,*,#875,.T.);
#1120=ORIENTED_EDGE('',*,*,#876,.F.);
#1121=ORIENTED_EDGE('',*,*,#877,.F.);
#1122=ORIENTED_EDGE('',*,*,#878,.T.);
#1123=ORIENTED_EDGE('',*,*,#879,.F.);
#1124=ORIENTED_EDGE('',*,*,#880,.T.);
#1125=ORIENTED_EDGE('',*,*,#881,.T.);
#1126=ORIENTED_EDGE('',*,*,#882,.T.);
#1127=ORIENTED_EDGE('',*,*,#883,.F.);
#1128=ORIENTED_EDGE('',*,*,#879,.T.);
#1129=ORIENTED_EDGE('',*,*,#851,.F.);
#1130=ORIENTED_EDGE('',*,*,#884,.T.);
#1131=ORIENTED_EDGE('',*,*,#877,.T.);
#1132=ORIENTED_EDGE('',*,*,#885,.T.);
#1133=ORIENTED_EDGE('',*,*,#886,.T.);
#1134=ORIENTED_EDGE('',*,*,#887,.F.);
#1135=ORIENTED_EDGE('',*,*,#888,.T.);
#1136=ORIENTED_EDGE('',*,*,#889,.F.);
#1137=ORIENTED_EDGE('',*,*,#871,.T.);
#1138=ORIENTED_EDGE('',*,*,#890,.T.);
#1139=ORIENTED_EDGE('',*,*,#869,.F.);
#1140=ORIENTED_EDGE('',*,*,#887,.T.);
#1141=ORIENTED_EDGE('',*,*,#891,.F.);
#1142=ORIENTED_EDGE('',*,*,#892,.T.);
#1143=ORIENTED_EDGE('',*,*,#893,.F.);
#1144=ORIENTED_EDGE('',*,*,#833,.T.);
#1145=ORIENTED_EDGE('',*,*,#829,.T.);
#1146=ORIENTED_EDGE('',*,*,#894,.F.);
#1147=ORIENTED_EDGE('',*,*,#895,.T.);
#1148=ORIENTED_EDGE('',*,*,#896,.F.);
#1149=ORIENTED_EDGE('',*,*,#897,.F.);
#1150=ORIENTED_EDGE('',*,*,#890,.F.);
#1151=ORIENTED_EDGE('',*,*,#874,.F.);
#1152=ORIENTED_EDGE('',*,*,#898,.F.);
#1153=ORIENTED_EDGE('',*,*,#870,.T.);
#1154=ORIENTED_EDGE('',*,*,#899,.F.);
#1155=ORIENTED_EDGE('',*,*,#866,.F.);
#1156=ORIENTED_EDGE('',*,*,#900,.F.);
#1157=ORIENTED_EDGE('',*,*,#897,.T.);
#1158=ORIENTED_EDGE('',*,*,#901,.F.);
#1159=ORIENTED_EDGE('',*,*,#902,.T.);
#1160=ORIENTED_EDGE('',*,*,#903,.T.);
#1161=ORIENTED_EDGE('',*,*,#842,.F.);
#1162=ORIENTED_EDGE('',*,*,#884,.F.);
#1163=ORIENTED_EDGE('',*,*,#854,.T.);
#1164=ORIENTED_EDGE('',*,*,#904,.T.);
#1165=ORIENTED_EDGE('',*,*,#878,.F.);
#1166=ORIENTED_EDGE('',*,*,#905,.F.);
#1167=ORIENTED_EDGE('',*,*,#906,.T.);
#1168=ORIENTED_EDGE('',*,*,#907,.T.);
#1169=ORIENTED_EDGE('',*,*,#902,.F.);
#1170=ORIENTED_EDGE('',*,*,#908,.F.);
#1171=ORIENTED_EDGE('',*,*,#909,.T.);
#1172=ORIENTED_EDGE('',*,*,#910,.F.);
#1173=ORIENTED_EDGE('',*,*,#911,.F.);
#1174=ORIENTED_EDGE('',*,*,#912,.F.);
#1175=ORIENTED_EDGE('',*,*,#913,.T.);
#1176=ORIENTED_EDGE('',*,*,#914,.F.);
#1177=ORIENTED_EDGE('',*,*,#915,.T.);
#1178=ORIENTED_EDGE('',*,*,#916,.F.);
#1179=ORIENTED_EDGE('',*,*,#917,.T.);
#1180=ORIENTED_EDGE('',*,*,#918,.F.);
#1181=ORIENTED_EDGE('',*,*,#919,.T.);
#1182=ORIENTED_EDGE('',*,*,#920,.F.);
#1183=ORIENTED_EDGE('',*,*,#908,.T.);
#1184=ORIENTED_EDGE('',*,*,#921,.F.);
#1185=ORIENTED_EDGE('',*,*,#922,.T.);
#1186=ORIENTED_EDGE('',*,*,#923,.T.);
#1187=ORIENTED_EDGE('',*,*,#924,.T.);
#1188=ORIENTED_EDGE('',*,*,#827,.T.);
#1189=ORIENTED_EDGE('',*,*,#925,.F.);
#1190=ORIENTED_EDGE('',*,*,#834,.T.);
#1191=ORIENTED_EDGE('',*,*,#893,.T.);
#1192=ORIENTED_EDGE('',*,*,#926,.T.);
#1193=ORIENTED_EDGE('',*,*,#927,.F.);
#1194=ORIENTED_EDGE('',*,*,#928,.T.);
#1195=ORIENTED_EDGE('',*,*,#929,.F.);
#1196=ORIENTED_EDGE('',*,*,#930,.T.);
#1197=ORIENTED_EDGE('',*,*,#931,.F.);
#1198=ORIENTED_EDGE('',*,*,#932,.T.);
#1199=ORIENTED_EDGE('',*,*,#912,.T.);
#1200=ORIENTED_EDGE('',*,*,#911,.T.);
#1201=ORIENTED_EDGE('',*,*,#933,.T.);
#1202=ORIENTED_EDGE('',*,*,#934,.T.);
#1203=ORIENTED_EDGE('',*,*,#935,.T.);
#1204=ORIENTED_EDGE('',*,*,#936,.F.);
#1205=ORIENTED_EDGE('',*,*,#937,.T.);
#1206=ORIENTED_EDGE('',*,*,#938,.T.);
#1207=ORIENTED_EDGE('',*,*,#939,.T.);
#1208=ORIENTED_EDGE('',*,*,#861,.F.);
#1209=ORIENTED_EDGE('',*,*,#940,.F.);
#1210=ORIENTED_EDGE('',*,*,#941,.F.);
#1211=ORIENTED_EDGE('',*,*,#942,.T.);
#1212=ORIENTED_EDGE('',*,*,#867,.F.);
#1213=ORIENTED_EDGE('',*,*,#898,.T.);
#1214=ORIENTED_EDGE('',*,*,#873,.T.);
#1215=ORIENTED_EDGE('',*,*,#943,.T.);
#1216=ORIENTED_EDGE('',*,*,#944,.T.);
#1217=ORIENTED_EDGE('',*,*,#945,.T.);
#1218=ORIENTED_EDGE('',*,*,#894,.T.);
#1219=ORIENTED_EDGE('',*,*,#900,.T.);
#1220=ORIENTED_EDGE('',*,*,#865,.F.);
#1221=ORIENTED_EDGE('',*,*,#946,.F.);
#1222=ORIENTED_EDGE('',*,*,#947,.F.);
#1223=ORIENTED_EDGE('',*,*,#948,.T.);
#1224=ORIENTED_EDGE('',*,*,#847,.F.);
#1225=ORIENTED_EDGE('',*,*,#949,.T.);
#1226=ORIENTED_EDGE('',*,*,#950,.F.);
#1227=ORIENTED_EDGE('',*,*,#951,.T.);
#1228=ORIENTED_EDGE('',*,*,#838,.F.);
#1229=ORIENTED_EDGE('',*,*,#952,.F.);
#1230=ORIENTED_EDGE('',*,*,#953,.F.);
#1231=ORIENTED_EDGE('',*,*,#936,.T.);
#1232=ORIENTED_EDGE('',*,*,#954,.T.);
#1233=ORIENTED_EDGE('',*,*,#955,.T.);
#1234=ORIENTED_EDGE('',*,*,#956,.T.);
#1235=ORIENTED_EDGE('',*,*,#957,.T.);
#1236=ORIENTED_EDGE('',*,*,#958,.T.);
#1237=ORIENTED_EDGE('',*,*,#959,.T.);
#1238=ORIENTED_EDGE('',*,*,#960,.T.);
#1239=ORIENTED_EDGE('',*,*,#845,.F.);
#1240=ORIENTED_EDGE('',*,*,#961,.F.);
#1241=ORIENTED_EDGE('',*,*,#962,.F.);
#1242=ORIENTED_EDGE('',*,*,#963,.T.);
#1243=ORIENTED_EDGE('',*,*,#839,.F.);
#1244=ORIENTED_EDGE('',*,*,#903,.F.);
#1245=ORIENTED_EDGE('',*,*,#907,.F.);
#1246=ORIENTED_EDGE('',*,*,#964,.F.);
#1247=ORIENTED_EDGE('',*,*,#965,.F.);
#1248=ORIENTED_EDGE('',*,*,#966,.F.);
#1249=ORIENTED_EDGE('',*,*,#875,.F.);
#1250=ORIENTED_EDGE('',*,*,#904,.F.);
#1251=ORIENTED_EDGE('',*,*,#853,.F.);
#1252=ORIENTED_EDGE('',*,*,#967,.F.);
#1253=ORIENTED_EDGE('',*,*,#968,.F.);
#1254=ORIENTED_EDGE('',*,*,#969,.T.);
#1255=ORIENTED_EDGE('',*,*,#855,.F.);
#1256=ORIENTED_EDGE('',*,*,#970,.T.);
#1257=ORIENTED_EDGE('',*,*,#971,.F.);
#1258=ORIENTED_EDGE('',*,*,#972,.F.);
#1259=ORIENTED_EDGE('',*,*,#952,.T.);
#1260=ORIENTED_EDGE('',*,*,#973,.T.);
#1261=ORIENTED_EDGE('',*,*,#974,.T.);
#1262=ORIENTED_EDGE('',*,*,#975,.T.);
#1263=ORIENTED_EDGE('',*,*,#976,.T.);
#1264=ORIENTED_EDGE('',*,*,#914,.T.);
#1265=ORIENTED_EDGE('',*,*,#977,.T.);
#1266=ORIENTED_EDGE('',*,*,#978,.T.);
#1267=ORIENTED_EDGE('',*,*,#979,.T.);
#1268=ORIENTED_EDGE('',*,*,#980,.T.);
#1269=ORIENTED_EDGE('',*,*,#981,.T.);
#1270=ORIENTED_EDGE('',*,*,#982,.T.);
#1271=ORIENTED_EDGE('',*,*,#983,.T.);
#1272=ORIENTED_EDGE('',*,*,#891,.T.);
#1273=ORIENTED_EDGE('',*,*,#832,.T.);
#1274=ORIENTED_EDGE('',*,*,#984,.T.);
#1275=ORIENTED_EDGE('',*,*,#825,.T.);
#1276=ORIENTED_EDGE('',*,*,#985,.T.);
#1277=ORIENTED_EDGE('',*,*,#836,.T.);
#1278=ORIENTED_EDGE('',*,*,#986,.F.);
#1279=ORIENTED_EDGE('',*,*,#987,.T.);
#1280=ORIENTED_EDGE('',*,*,#988,.F.);
#1281=ORIENTED_EDGE('',*,*,#989,.T.);
#1282=ORIENTED_EDGE('',*,*,#990,.F.);
#1283=ORIENTED_EDGE('',*,*,#991,.T.);
#1284=ORIENTED_EDGE('',*,*,#975,.F.);
#1285=ORIENTED_EDGE('',*,*,#992,.F.);
#1286=ORIENTED_EDGE('',*,*,#933,.F.);
#1287=ORIENTED_EDGE('',*,*,#910,.T.);
#1288=ORIENTED_EDGE('',*,*,#858,.T.);
#1289=ORIENTED_EDGE('',*,*,#993,.T.);
#1290=ORIENTED_EDGE('',*,*,#850,.T.);
#1291=ORIENTED_EDGE('',*,*,#994,.F.);
#1292=ORIENTED_EDGE('',*,*,#995,.T.);
#1293=ORIENTED_EDGE('',*,*,#996,.T.);
#1294=ORIENTED_EDGE('',*,*,#997,.T.);
#1295=ORIENTED_EDGE('',*,*,#998,.T.);
#1296=ORIENTED_EDGE('',*,*,#999,.T.);
#1297=ORIENTED_EDGE('',*,*,#1000,.T.);
#1298=ORIENTED_EDGE('',*,*,#1001,.T.);
#1299=ORIENTED_EDGE('',*,*,#1002,.T.);
#1300=ORIENTED_EDGE('',*,*,#1003,.F.);
#1301=ORIENTED_EDGE('',*,*,#885,.F.);
#1302=ORIENTED_EDGE('',*,*,#1004,.F.);
#1303=ORIENTED_EDGE('',*,*,#1005,.F.);
#1304=ORIENTED_EDGE('',*,*,#1006,.T.);
#1305=ORIENTED_EDGE('',*,*,#859,.F.);
#1306=ORIENTED_EDGE('',*,*,#994,.T.);
#1307=ORIENTED_EDGE('',*,*,#849,.F.);
#1308=ORIENTED_EDGE('',*,*,#1007,.F.);
#1309=ORIENTED_EDGE('',*,*,#1008,.F.);
#1310=ORIENTED_EDGE('',*,*,#1009,.T.);
#1311=ORIENTED_EDGE('',*,*,#1010,.F.);
#1312=ORIENTED_EDGE('',*,*,#1011,.F.);
#1313=ORIENTED_EDGE('',*,*,#1012,.F.);
#1314=ORIENTED_EDGE('',*,*,#881,.F.);
#1315=ORIENTED_EDGE('',*,*,#1013,.T.);
#1316=ORIENTED_EDGE('',*,*,#1014,.T.);
#1317=ORIENTED_EDGE('',*,*,#1015,.T.);
#1318=ORIENTED_EDGE('',*,*,#1016,.F.);
#1319=ORIENTED_EDGE('',*,*,#1017,.F.);
#1320=ORIENTED_EDGE('',*,*,#1018,.F.);
#1321=ORIENTED_EDGE('',*,*,#1019,.T.);
#1322=ORIENTED_EDGE('',*,*,#843,.T.);
#1323=ORIENTED_EDGE('',*,*,#993,.F.);
#1324=ORIENTED_EDGE('',*,*,#857,.T.);
#1325=ORIENTED_EDGE('',*,*,#1020,.F.);
#1326=ORIENTED_EDGE('',*,*,#1021,.F.);
#1327=ORIENTED_EDGE('',*,*,#1022,.T.);
#1328=ORIENTED_EDGE('',*,*,#923,.F.);
#1329=ORIENTED_EDGE('',*,*,#1023,.T.);
#1330=ORIENTED_EDGE('',*,*,#955,.F.);
#1331=ORIENTED_EDGE('',*,*,#1024,.T.);
#1332=ORIENTED_EDGE('',*,*,#974,.F.);
#1333=ORIENTED_EDGE('',*,*,#1025,.T.);
#1334=ORIENTED_EDGE('',*,*,#934,.F.);
#1335=ORIENTED_EDGE('',*,*,#992,.T.);
#1336=ORIENTED_EDGE('',*,*,#925,.T.);
#1337=ORIENTED_EDGE('',*,*,#826,.T.);
#1338=ORIENTED_EDGE('',*,*,#984,.F.);
#1339=ORIENTED_EDGE('',*,*,#835,.T.);
#1340=ORIENTED_EDGE('',*,*,#991,.F.);
#1341=ORIENTED_EDGE('',*,*,#1026,.T.);
#1342=ORIENTED_EDGE('',*,*,#915,.F.);
#1343=ORIENTED_EDGE('',*,*,#976,.F.);
#1344=ORIENTED_EDGE('',*,*,#950,.T.);
#1345=ORIENTED_EDGE('',*,*,#1027,.T.);
#1346=ORIENTED_EDGE('',*,*,#959,.F.);
#1347=ORIENTED_EDGE('',*,*,#1028,.T.);
#1348=ORIENTED_EDGE('',*,*,#957,.F.);
#1349=ORIENTED_EDGE('',*,*,#1029,.T.);
#1350=ORIENTED_EDGE('',*,*,#921,.T.);
#1351=ORIENTED_EDGE('',*,*,#1030,.T.);
#1352=ORIENTED_EDGE('',*,*,#831,.F.);
#1353=ORIENTED_EDGE('',*,*,#935,.F.);
#1354=ORIENTED_EDGE('',*,*,#1025,.F.);
#1355=ORIENTED_EDGE('',*,*,#973,.F.);
#1356=ORIENTED_EDGE('',*,*,#954,.F.);
#1357=ORIENTED_EDGE('',*,*,#985,.F.);
#1358=ORIENTED_EDGE('',*,*,#828,.T.);
#1359=ORIENTED_EDGE('',*,*,#924,.F.);
#1360=ORIENTED_EDGE('',*,*,#1024,.F.);
#1361=ORIENTED_EDGE('',*,*,#960,.F.);
#1362=ORIENTED_EDGE('',*,*,#1027,.F.);
#1363=ORIENTED_EDGE('',*,*,#949,.F.);
#1364=ORIENTED_EDGE('',*,*,#846,.F.);
#1365=ORIENTED_EDGE('',*,*,#958,.F.);
#1366=ORIENTED_EDGE('',*,*,#1030,.F.);
#1367=ORIENTED_EDGE('',*,*,#951,.F.);
#1368=ORIENTED_EDGE('',*,*,#1028,.F.);
#1369=ORIENTED_EDGE('',*,*,#988,.T.);
#1370=ORIENTED_EDGE('',*,*,#1031,.T.);
#1371=ORIENTED_EDGE('',*,*,#999,.F.);
#1372=ORIENTED_EDGE('',*,*,#1032,.T.);
#1373=ORIENTED_EDGE('',*,*,#918,.T.);
#1374=ORIENTED_EDGE('',*,*,#1033,.T.);
#1375=ORIENTED_EDGE('',*,*,#995,.F.);
#1376=ORIENTED_EDGE('',*,*,#1034,.T.);
#1377=ORIENTED_EDGE('',*,*,#1001,.F.);
#1378=ORIENTED_EDGE('',*,*,#1035,.T.);
#1379=ORIENTED_EDGE('',*,*,#986,.T.);
#1380=ORIENTED_EDGE('',*,*,#909,.F.);
#1381=ORIENTED_EDGE('',*,*,#920,.T.);
#1382=ORIENTED_EDGE('',*,*,#1036,.T.);
#1383=ORIENTED_EDGE('',*,*,#990,.T.);
#1384=ORIENTED_EDGE('',*,*,#1037,.T.);
#1385=ORIENTED_EDGE('',*,*,#997,.F.);
#1386=ORIENTED_EDGE('',*,*,#1038,.T.);
#1387=ORIENTED_EDGE('',*,*,#916,.T.);
#1388=ORIENTED_EDGE('',*,*,#1026,.F.);
#1389=ORIENTED_EDGE('',*,*,#987,.F.);
#1390=ORIENTED_EDGE('',*,*,#1035,.F.);
#1391=ORIENTED_EDGE('',*,*,#1000,.F.);
#1392=ORIENTED_EDGE('',*,*,#1031,.F.);
#1393=ORIENTED_EDGE('',*,*,#989,.F.);
#1394=ORIENTED_EDGE('',*,*,#1032,.F.);
#1395=ORIENTED_EDGE('',*,*,#998,.F.);
#1396=ORIENTED_EDGE('',*,*,#1037,.F.);
#1397=ORIENTED_EDGE('',*,*,#917,.F.);
#1398=ORIENTED_EDGE('',*,*,#1038,.F.);
#1399=ORIENTED_EDGE('',*,*,#996,.F.);
#1400=ORIENTED_EDGE('',*,*,#1033,.F.);
#1401=ORIENTED_EDGE('',*,*,#919,.F.);
#1402=ORIENTED_EDGE('',*,*,#1034,.F.);
#1403=ORIENTED_EDGE('',*,*,#1002,.F.);
#1404=ORIENTED_EDGE('',*,*,#1036,.F.);
#1405=ORIENTED_EDGE('',*,*,#1016,.T.);
#1406=ORIENTED_EDGE('',*,*,#1039,.T.);
#1407=ORIENTED_EDGE('',*,*,#1040,.F.);
#1408=ORIENTED_EDGE('',*,*,#1041,.T.);
#1409=ORIENTED_EDGE('',*,*,#1042,.F.);
#1410=ORIENTED_EDGE('',*,*,#905,.T.);
#1411=ORIENTED_EDGE('',*,*,#901,.T.);
#1412=ORIENTED_EDGE('',*,*,#841,.F.);
#1413=ORIENTED_EDGE('',*,*,#1040,.T.);
#1414=ORIENTED_EDGE('',*,*,#1043,.F.);
#1415=ORIENTED_EDGE('',*,*,#1044,.T.);
#1416=ORIENTED_EDGE('',*,*,#1010,.T.);
#1417=ORIENTED_EDGE('',*,*,#1045,.T.);
#1418=ORIENTED_EDGE('',*,*,#1046,.F.);
#1419=ORIENTED_EDGE('',*,*,#1043,.T.);
#1420=ORIENTED_EDGE('',*,*,#863,.F.);
#1421=ORIENTED_EDGE('',*,*,#899,.T.);
#1422=ORIENTED_EDGE('',*,*,#896,.T.);
#1423=ORIENTED_EDGE('',*,*,#927,.T.);
#1424=ORIENTED_EDGE('',*,*,#1047,.T.);
#1425=ORIENTED_EDGE('',*,*,#982,.F.);
#1426=ORIENTED_EDGE('',*,*,#1048,.T.);
#1427=ORIENTED_EDGE('',*,*,#929,.T.);
#1428=ORIENTED_EDGE('',*,*,#1049,.T.);
#1429=ORIENTED_EDGE('',*,*,#980,.F.);
#1430=ORIENTED_EDGE('',*,*,#1050,.T.);
#1431=ORIENTED_EDGE('',*,*,#931,.T.);
#1432=ORIENTED_EDGE('',*,*,#1051,.T.);
#1433=ORIENTED_EDGE('',*,*,#978,.F.);
#1434=ORIENTED_EDGE('',*,*,#1052,.T.);
#1435=ORIENTED_EDGE('',*,*,#983,.F.);
#1436=ORIENTED_EDGE('',*,*,#1047,.F.);
#1437=ORIENTED_EDGE('',*,*,#926,.F.);
#1438=ORIENTED_EDGE('',*,*,#892,.F.);
#1439=ORIENTED_EDGE('',*,*,#981,.F.);
#1440=ORIENTED_EDGE('',*,*,#1049,.F.);
#1441=ORIENTED_EDGE('',*,*,#928,.F.);
#1442=ORIENTED_EDGE('',*,*,#1048,.F.);
#1443=ORIENTED_EDGE('',*,*,#979,.F.);
#1444=ORIENTED_EDGE('',*,*,#1051,.F.);
#1445=ORIENTED_EDGE('',*,*,#930,.F.);
#1446=ORIENTED_EDGE('',*,*,#1050,.F.);
#1447=ORIENTED_EDGE('',*,*,#977,.F.);
#1448=ORIENTED_EDGE('',*,*,#913,.F.);
#1449=ORIENTED_EDGE('',*,*,#932,.F.);
#1450=ORIENTED_EDGE('',*,*,#1052,.F.);
#1451=ORIENTED_EDGE('',*,*,#971,.T.);
#1452=ORIENTED_EDGE('',*,*,#1053,.T.);
#1453=ORIENTED_EDGE('',*,*,#938,.F.);
#1454=ORIENTED_EDGE('',*,*,#1054,.T.);
#1455=ORIENTED_EDGE('',*,*,#972,.T.);
#1456=ORIENTED_EDGE('',*,*,#1054,.F.);
#1457=ORIENTED_EDGE('',*,*,#937,.F.);
#1458=ORIENTED_EDGE('',*,*,#953,.T.);
#1459=ORIENTED_EDGE('',*,*,#1055,.T.);
#1460=ORIENTED_EDGE('',*,*,#1011,.T.);
#1461=ORIENTED_EDGE('',*,*,#1044,.F.);
#1462=ORIENTED_EDGE('',*,*,#1046,.T.);
#1463=ORIENTED_EDGE('',*,*,#895,.F.);
#1464=ORIENTED_EDGE('',*,*,#945,.F.);
#1465=ORIENTED_EDGE('',*,*,#872,.T.);
#1466=ORIENTED_EDGE('',*,*,#889,.T.);
#1467=ORIENTED_EDGE('',*,*,#886,.F.);
#1468=ORIENTED_EDGE('',*,*,#1003,.T.);
#1469=ORIENTED_EDGE('',*,*,#1056,.F.);
#1470=ORIENTED_EDGE('',*,*,#943,.F.);
#1471=ORIENTED_EDGE('',*,*,#1056,.T.);
#1472=ORIENTED_EDGE('',*,*,#1012,.T.);
#1473=ORIENTED_EDGE('',*,*,#1055,.F.);
#1474=ORIENTED_EDGE('',*,*,#944,.F.);
#1475=ORIENTED_EDGE('',*,*,#1057,.T.);
#1476=ORIENTED_EDGE('',*,*,#965,.T.);
#1477=ORIENTED_EDGE('',*,*,#1058,.F.);
#1478=ORIENTED_EDGE('',*,*,#1014,.F.);
#1479=ORIENTED_EDGE('',*,*,#880,.F.);
#1480=ORIENTED_EDGE('',*,*,#883,.T.);
#1481=ORIENTED_EDGE('',*,*,#876,.T.);
#1482=ORIENTED_EDGE('',*,*,#966,.T.);
#1483=ORIENTED_EDGE('',*,*,#1057,.F.);
#1484=ORIENTED_EDGE('',*,*,#1013,.F.);
#1485=ORIENTED_EDGE('',*,*,#1058,.T.);
#1486=ORIENTED_EDGE('',*,*,#964,.T.);
#1487=ORIENTED_EDGE('',*,*,#906,.F.);
#1488=ORIENTED_EDGE('',*,*,#1042,.T.);
#1489=ORIENTED_EDGE('',*,*,#1039,.F.);
#1490=ORIENTED_EDGE('',*,*,#1015,.F.);
#1491=ORIENTED_EDGE('',*,*,#939,.F.);
#1492=ORIENTED_EDGE('',*,*,#1053,.F.);
#1493=ORIENTED_EDGE('',*,*,#970,.F.);
#1494=ORIENTED_EDGE('',*,*,#862,.F.);
#1495=ORIENTED_EDGE('',*,*,#922,.F.);
#1496=ORIENTED_EDGE('',*,*,#1029,.F.);
#1497=ORIENTED_EDGE('',*,*,#956,.F.);
#1498=ORIENTED_EDGE('',*,*,#1023,.F.);
#1499=ORIENTED_EDGE('',*,*,#888,.F.);
#1500=ORIENTED_EDGE('',*,*,#868,.T.);
#1501=ORIENTED_EDGE('',*,*,#942,.F.);
#1502=ORIENTED_EDGE('',*,*,#1059,.F.);
#1503=ORIENTED_EDGE('',*,*,#1004,.T.);
#1504=ORIENTED_EDGE('',*,*,#860,.T.);
#1505=ORIENTED_EDGE('',*,*,#1006,.F.);
#1506=ORIENTED_EDGE('',*,*,#1060,.F.);
#1507=ORIENTED_EDGE('',*,*,#940,.T.);
#1508=ORIENTED_EDGE('',*,*,#1059,.T.);
#1509=ORIENTED_EDGE('',*,*,#941,.T.);
#1510=ORIENTED_EDGE('',*,*,#1060,.T.);
#1511=ORIENTED_EDGE('',*,*,#1005,.T.);
#1512=ORIENTED_EDGE('',*,*,#864,.T.);
#1513=ORIENTED_EDGE('',*,*,#1045,.F.);
#1514=ORIENTED_EDGE('',*,*,#1009,.F.);
#1515=ORIENTED_EDGE('',*,*,#1061,.F.);
#1516=ORIENTED_EDGE('',*,*,#946,.T.);
#1517=ORIENTED_EDGE('',*,*,#848,.T.);
#1518=ORIENTED_EDGE('',*,*,#948,.F.);
#1519=ORIENTED_EDGE('',*,*,#1062,.F.);
#1520=ORIENTED_EDGE('',*,*,#1007,.T.);
#1521=ORIENTED_EDGE('',*,*,#1061,.T.);
#1522=ORIENTED_EDGE('',*,*,#1008,.T.);
#1523=ORIENTED_EDGE('',*,*,#1062,.T.);
#1524=ORIENTED_EDGE('',*,*,#947,.T.);
#1525=ORIENTED_EDGE('',*,*,#852,.T.);
#1526=ORIENTED_EDGE('',*,*,#882,.F.);
#1527=ORIENTED_EDGE('',*,*,#1022,.F.);
#1528=ORIENTED_EDGE('',*,*,#1063,.F.);
#1529=ORIENTED_EDGE('',*,*,#967,.T.);
#1530=ORIENTED_EDGE('',*,*,#856,.T.);
#1531=ORIENTED_EDGE('',*,*,#969,.F.);
#1532=ORIENTED_EDGE('',*,*,#1064,.F.);
#1533=ORIENTED_EDGE('',*,*,#1020,.T.);
#1534=ORIENTED_EDGE('',*,*,#1063,.T.);
#1535=ORIENTED_EDGE('',*,*,#1021,.T.);
#1536=ORIENTED_EDGE('',*,*,#1064,.T.);
#1537=ORIENTED_EDGE('',*,*,#968,.T.);
#1538=ORIENTED_EDGE('',*,*,#1041,.F.);
#1539=ORIENTED_EDGE('',*,*,#840,.T.);
#1540=ORIENTED_EDGE('',*,*,#963,.F.);
#1541=ORIENTED_EDGE('',*,*,#1065,.F.);
#1542=ORIENTED_EDGE('',*,*,#1017,.T.);
#1543=ORIENTED_EDGE('',*,*,#844,.T.);
#1544=ORIENTED_EDGE('',*,*,#1019,.F.);
#1545=ORIENTED_EDGE('',*,*,#1066,.F.);
#1546=ORIENTED_EDGE('',*,*,#961,.T.);
#1547=ORIENTED_EDGE('',*,*,#1065,.T.);
#1548=ORIENTED_EDGE('',*,*,#962,.T.);
#1549=ORIENTED_EDGE('',*,*,#1066,.T.);
#1550=ORIENTED_EDGE('',*,*,#1018,.T.);
#1551=CYLINDRICAL_SURFACE('',#1665,1.);
#1552=CYLINDRICAL_SURFACE('',#1668,1.75);
#1553=CYLINDRICAL_SURFACE('',#1671,2.);
#1554=CYLINDRICAL_SURFACE('',#1674,1.6);
#1555=CYLINDRICAL_SURFACE('',#1683,2.);
#1556=CYLINDRICAL_SURFACE('',#1686,2.);
#1557=CYLINDRICAL_SURFACE('',#1689,3.05);
#1558=CYLINDRICAL_SURFACE('',#1693,3.05);
#1559=CYLINDRICAL_SURFACE('',#1698,2.);
#1560=CYLINDRICAL_SURFACE('',#1705,2.);
#1561=CYLINDRICAL_SURFACE('',#1708,10.);
#1562=CYLINDRICAL_SURFACE('',#1738,8.5);
#1563=CYLINDRICAL_SURFACE('',#1741,6.);
#1564=CYLINDRICAL_SURFACE('',#1752,10.);
#1565=CYLINDRICAL_SURFACE('',#1756,2.);
#1566=CYLINDRICAL_SURFACE('',#1757,2.);
#1567=CYLINDRICAL_SURFACE('',#1758,2.);
#1568=CYLINDRICAL_SURFACE('',#1759,2.);
#1569=CYLINDRICAL_SURFACE('',#1764,0.5);
#1570=CYLINDRICAL_SURFACE('',#1765,0.5);
#1571=CYLINDRICAL_SURFACE('',#1766,0.5);
#1572=CYLINDRICAL_SURFACE('',#1767,0.5);
#1573=CYLINDRICAL_SURFACE('',#1768,3.05);
#1574=CYLINDRICAL_SURFACE('',#1771,3.05);
#1575=CYLINDRICAL_SURFACE('',#1777,2.);
#1576=CYLINDRICAL_SURFACE('',#1778,2.);
#1577=CYLINDRICAL_SURFACE('',#1779,2.);
#1578=CYLINDRICAL_SURFACE('',#1780,2.);
#1579=CYLINDRICAL_SURFACE('',#1790,5.);
#1580=ADVANCED_FACE('',(#85),#1551,.T.);
#1581=ADVANCED_FACE('',(#86),#1552,.F.);
#1582=ADVANCED_FACE('',(#87),#1553,.T.);
#1583=ADVANCED_FACE('',(#88),#1554,.F.);
#1584=ADVANCED_FACE('',(#89),#29,.T.);
#1585=ADVANCED_FACE('',(#90),#30,.T.);
#1586=ADVANCED_FACE('',(#91),#31,.T.);
#1587=ADVANCED_FACE('',(#92),#32,.T.);
#1588=ADVANCED_FACE('',(#93),#33,.T.);
#1589=ADVANCED_FACE('',(#94),#34,.T.);
#1590=ADVANCED_FACE('',(#95),#1555,.F.);
#1591=ADVANCED_FACE('',(#96),#1556,.F.);
#1592=ADVANCED_FACE('',(#97),#1557,.F.);
#1593=ADVANCED_FACE('',(#98),#35,.T.);
#1594=ADVANCED_FACE('',(#99),#1558,.F.);
#1595=ADVANCED_FACE('',(#100),#36,.T.);
#1596=ADVANCED_FACE('',(#101,#24),#37,.T.);
#1597=ADVANCED_FACE('',(#102),#1559,.F.);
#1598=ADVANCED_FACE('',(#103),#38,.F.);
#1599=ADVANCED_FACE('',(#104),#39,.F.);
#1600=ADVANCED_FACE('',(#105),#40,.F.);
#1601=ADVANCED_FACE('',(#106),#41,.F.);
#1602=ADVANCED_FACE('',(#107),#1560,.F.);
#1603=ADVANCED_FACE('',(#108),#1561,.F.);
#1604=ADVANCED_FACE('',(#109),#42,.T.);
#1605=ADVANCED_FACE('',(#110,#25),#43,.F.);
#1606=ADVANCED_FACE('',(#111),#44,.F.);
#1607=ADVANCED_FACE('',(#112,#26),#45,.F.);
#1608=ADVANCED_FACE('',(#113),#1562,.T.);
#1609=ADVANCED_FACE('',(#114,#27),#1563,.F.);
#1610=ADVANCED_FACE('',(#115),#46,.T.);
#1611=ADVANCED_FACE('',(#116),#47,.F.);
#1612=ADVANCED_FACE('',(#117),#48,.T.);
#1613=ADVANCED_FACE('',(#118),#49,.T.);
#1614=ADVANCED_FACE('',(#119),#15,.F.);
#1615=ADVANCED_FACE('',(#120),#1564,.F.);
#1616=ADVANCED_FACE('',(#121),#50,.F.);
#1617=ADVANCED_FACE('',(#122,#28),#51,.F.);
#1618=ADVANCED_FACE('',(#123),#1565,.T.);
#1619=ADVANCED_FACE('',(#124),#1566,.T.);
#1620=ADVANCED_FACE('',(#125),#1567,.T.);
#1621=ADVANCED_FACE('',(#126),#1568,.F.);
#1622=ADVANCED_FACE('',(#127),#52,.F.);
#1623=ADVANCED_FACE('',(#128),#53,.F.);
#1624=ADVANCED_FACE('',(#129),#54,.F.);
#1625=ADVANCED_FACE('',(#130),#55,.F.);
#1626=ADVANCED_FACE('',(#131),#1569,.F.);
#1627=ADVANCED_FACE('',(#132),#1570,.F.);
#1628=ADVANCED_FACE('',(#133),#1571,.F.);
#1629=ADVANCED_FACE('',(#134),#1572,.F.);
#1630=ADVANCED_FACE('',(#135),#1573,.F.);
#1631=ADVANCED_FACE('',(#136),#56,.T.);
#1632=ADVANCED_FACE('',(#137),#1574,.F.);
#1633=ADVANCED_FACE('',(#138),#57,.T.);
#1634=ADVANCED_FACE('',(#139),#58,.F.);
#1635=ADVANCED_FACE('',(#140),#59,.F.);
#1636=ADVANCED_FACE('',(#141),#60,.F.);
#1637=ADVANCED_FACE('',(#142),#1575,.T.);
#1638=ADVANCED_FACE('',(#143),#1576,.F.);
#1639=ADVANCED_FACE('',(#144),#1577,.F.);
#1640=ADVANCED_FACE('',(#145),#1578,.T.);
#1641=ADVANCED_FACE('',(#146),#61,.F.);
#1642=ADVANCED_FACE('',(#147),#62,.F.);
#1643=ADVANCED_FACE('',(#148),#63,.F.);
#1644=ADVANCED_FACE('',(#149),#64,.F.);
#1645=ADVANCED_FACE('',(#150),#65,.F.);
#1646=ADVANCED_FACE('',(#151),#66,.F.);
#1647=ADVANCED_FACE('',(#152),#67,.F.);
#1648=ADVANCED_FACE('',(#153),#68,.F.);
#1649=ADVANCED_FACE('',(#154),#69,.T.);
#1650=ADVANCED_FACE('',(#155),#1579,.T.);
#1651=ADVANCED_FACE('',(#156),#70,.F.);
#1652=ADVANCED_FACE('',(#157),#71,.F.);
#1653=ADVANCED_FACE('',(#158),#72,.T.);
#1654=ADVANCED_FACE('',(#159),#73,.F.);
#1655=ADVANCED_FACE('',(#160),#74,.F.);
#1656=ADVANCED_FACE('',(#161),#75,.F.);
#1657=ADVANCED_FACE('',(#162),#76,.F.);
#1658=ADVANCED_FACE('',(#163),#77,.F.);
#1659=ADVANCED_FACE('',(#164),#78,.T.);
#1660=ADVANCED_FACE('',(#165),#79,.F.);
#1661=ADVANCED_FACE('',(#166),#80,.F.);
#1662=ADVANCED_FACE('',(#167),#81,.F.);
#1663=CLOSED_SHELL('',(#1580,#1581,#1582,#1583,#1584,#1585,#1586,#1587,
#1588,#1589,#1590,#1591,#1592,#1593,#1594,#1595,#1596,#1597,#1598,#1599,
#1600,#1601,#1602,#1603,#1604,#1605,#1606,#1607,#1608,#1609,#1610,#1611,
#1612,#1613,#1614,#1615,#1616,#1617,#1618,#1619,#1620,#1621,#1622,#1623,
#1624,#1625,#1626,#1627,#1628,#1629,#1630,#1631,#1632,#1633,#1634,#1635,
#1636,#1637,#1638,#1639,#1640,#1641,#1642,#1643,#1644,#1645,#1646,#1647,
#1648,#1649,#1650,#1651,#1652,#1653,#1654,#1655,#1656,#1657,#1658,#1659,
#1660,#1661,#1662));
#1664=AXIS2_PLACEMENT_3D('',#2259,#1803,#1804);
#1665=AXIS2_PLACEMENT_3D('',#2260,#1805,#1806);
#1666=AXIS2_PLACEMENT_3D('',#2263,#1807,#1808);
#1667=AXIS2_PLACEMENT_3D('',#2267,#1810,#1811);
#1668=AXIS2_PLACEMENT_3D('',#2269,#1813,#1814);
#1669=AXIS2_PLACEMENT_3D('',#2271,#1815,#1816);
#1670=AXIS2_PLACEMENT_3D('',#2274,#1818,#1819);
#1671=AXIS2_PLACEMENT_3D('',#2275,#1820,#1821);
#1672=AXIS2_PLACEMENT_3D('',#2278,#1822,#1823);
#1673=AXIS2_PLACEMENT_3D('',#2282,#1825,#1826);
#1674=AXIS2_PLACEMENT_3D('',#2284,#1828,#1829);
#1675=AXIS2_PLACEMENT_3D('',#2286,#1830,#1831);
#1676=AXIS2_PLACEMENT_3D('',#2289,#1833,#1834);
#1677=AXIS2_PLACEMENT_3D('',#2290,#1835,#1836);
#1678=AXIS2_PLACEMENT_3D('',#2299,#1841,#1842);
#1679=AXIS2_PLACEMENT_3D('',#2316,#1851,#1852);
#1680=AXIS2_PLACEMENT_3D('',#2325,#1857,#1858);
#1681=AXIS2_PLACEMENT_3D('',#2342,#1867,#1868);
#1682=AXIS2_PLACEMENT_3D('',#2351,#1873,#1874);
#1683=AXIS2_PLACEMENT_3D('',#2360,#1879,#1880);
#1684=AXIS2_PLACEMENT_3D('',#2363,#1881,#1882);
#1685=AXIS2_PLACEMENT_3D('',#2367,#1884,#1885);
#1686=AXIS2_PLACEMENT_3D('',#2369,#1887,#1888);
#1687=AXIS2_PLACEMENT_3D('',#2372,#1889,#1890);
#1688=AXIS2_PLACEMENT_3D('',#2376,#1892,#1893);
#1689=AXIS2_PLACEMENT_3D('',#2378,#1895,#1896);
#1690=AXIS2_PLACEMENT_3D('',#2380,#1897,#1898);
#1691=AXIS2_PLACEMENT_3D('',#2384,#1900,#1901);
#1692=AXIS2_PLACEMENT_3D('',#2386,#1903,#1904);
#1693=AXIS2_PLACEMENT_3D('',#2389,#1907,#1908);
#1694=AXIS2_PLACEMENT_3D('',#2392,#1909,#1910);
#1695=AXIS2_PLACEMENT_3D('',#2395,#1912,#1913);
#1696=AXIS2_PLACEMENT_3D('',#2397,#1915,#1916);
#1697=AXIS2_PLACEMENT_3D('',#2400,#1919,#1920);
#1698=AXIS2_PLACEMENT_3D('',#2406,#1924,#1925);
#1699=AXIS2_PLACEMENT_3D('',#2409,#1926,#1927);
#1700=AXIS2_PLACEMENT_3D('',#2413,#1929,#1930);
#1701=AXIS2_PLACEMENT_3D('',#2415,#1932,#1933);
#1702=AXIS2_PLACEMENT_3D('',#2417,#1935,#1936);
#1703=AXIS2_PLACEMENT_3D('',#2420,#1939,#1940);
#1704=AXIS2_PLACEMENT_3D('',#2426,#1944,#1945);
#1705=AXIS2_PLACEMENT_3D('',#2428,#1947,#1948);
#1706=AXIS2_PLACEMENT_3D('',#2430,#1949,#1950);
#1707=AXIS2_PLACEMENT_3D('',#2433,#1952,#1953);
#1708=AXIS2_PLACEMENT_3D('',#2434,#1954,#1955);
#1709=AXIS2_PLACEMENT_3D('',#2439,#1957,#1958);
#1710=AXIS2_PLACEMENT_3D('',#2442,#1960,#1961);
#1711=AXIS2_PLACEMENT_3D('',#2443,#1962,#1963);
#1712=AXIS2_PLACEMENT_3D('',#2455,#1969,#1970);
#1713=AXIS2_PLACEMENT_3D('',#2459,#1972,#1973);
#1714=AXIS2_PLACEMENT_3D('',#2461,#1975,#1976);
#1715=AXIS2_PLACEMENT_3D('',#2466,#1978,#1979);
#1716=AXIS2_PLACEMENT_3D('',#2469,#1981,#1982);
#1717=AXIS2_PLACEMENT_3D('',#2478,#1983,#1984);
#1718=AXIS2_PLACEMENT_3D('',#2482,#1986,#1987);
#1719=AXIS2_PLACEMENT_3D('',#2486,#1989,#1990);
#1720=AXIS2_PLACEMENT_3D('',#2489,#1992,#1993);
#1721=AXIS2_PLACEMENT_3D('',#2491,#1994,#1995);
#1722=AXIS2_PLACEMENT_3D('',#2495,#1997,#1998);
#1723=AXIS2_PLACEMENT_3D('',#2519,#2012,#2013);
#1724=AXIS2_PLACEMENT_3D('',#2522,#2015,#2016);
#1725=AXIS2_PLACEMENT_3D('',#2523,#2017,#2018);
#1726=AXIS2_PLACEMENT_3D('',#2529,#2022,#2023);
#1727=AXIS2_PLACEMENT_3D('',#2534,#2025,#2026);
#1728=AXIS2_PLACEMENT_3D('',#2538,#2028,#2029);
#1729=AXIS2_PLACEMENT_3D('',#2541,#2031,#2032);
#1730=AXIS2_PLACEMENT_3D('',#2563,#2045,#2046);
#1731=AXIS2_PLACEMENT_3D('',#2567,#2048,#2049);
#1732=AXIS2_PLACEMENT_3D('',#2568,#2050,#2051);
#1733=AXIS2_PLACEMENT_3D('',#2570,#2052,#2053);
#1734=AXIS2_PLACEMENT_3D('',#2574,#2055,#2056);
#1735=AXIS2_PLACEMENT_3D('',#2578,#2058,#2059);
#1736=AXIS2_PLACEMENT_3D('',#2581,#2061,#2062);
#1737=AXIS2_PLACEMENT_3D('',#2589,#2063,#2064);
#1738=AXIS2_PLACEMENT_3D('',#2590,#2065,#2066);
#1739=AXIS2_PLACEMENT_3D('',#2592,#2067,#2068);
#1740=AXIS2_PLACEMENT_3D('',#2618,#2070,#2071);
#1741=AXIS2_PLACEMENT_3D('',#2621,#2074,#2075);
#1742=AXIS2_PLACEMENT_3D('',#2622,#2076,#2077);
#1743=AXIS2_PLACEMENT_3D('',#2623,#2078,#2079);
#1744=AXIS2_PLACEMENT_3D('',#2639,#2081,#2082);
#1745=AXIS2_PLACEMENT_3D('',#2665,#2084,#2085);
#1746=AXIS2_PLACEMENT_3D('',#2676,#2086,#2087);
#1747=AXIS2_PLACEMENT_3D('',#2691,#2095,#2096);
#1748=AXIS2_PLACEMENT_3D('',#2695,#2099,#2100);
#1749=AXIS2_PLACEMENT_3D('',#2703,#2104,#2105);
#1750=AXIS2_PLACEMENT_3D('',#2714,#2112,#2113);
#1751=AXIS2_PLACEMENT_3D('',#2717,#2116,#2117);
#1752=AXIS2_PLACEMENT_3D('',#2729,#2119,#2120);
#1753=AXIS2_PLACEMENT_3D('',#2730,#2121,#2122);
#1754=AXIS2_PLACEMENT_3D('',#2731,#2123,#2124);
#1755=AXIS2_PLACEMENT_3D('',#2734,#2127,#2128);
#1756=AXIS2_PLACEMENT_3D('',#2737,#2131,#2132);
#1757=AXIS2_PLACEMENT_3D('',#2738,#2133,#2134);
#1758=AXIS2_PLACEMENT_3D('',#2739,#2135,#2136);
#1759=AXIS2_PLACEMENT_3D('',#2740,#2137,#2138);
#1760=AXIS2_PLACEMENT_3D('',#2741,#2139,#2140);
#1761=AXIS2_PLACEMENT_3D('',#2744,#2143,#2144);
#1762=AXIS2_PLACEMENT_3D('',#2747,#2147,#2148);
#1763=AXIS2_PLACEMENT_3D('',#2750,#2151,#2152);
#1764=AXIS2_PLACEMENT_3D('',#2753,#2155,#2156);
#1765=AXIS2_PLACEMENT_3D('',#2754,#2157,#2158);
#1766=AXIS2_PLACEMENT_3D('',#2755,#2159,#2160);
#1767=AXIS2_PLACEMENT_3D('',#2756,#2161,#2162);
#1768=AXIS2_PLACEMENT_3D('',#2757,#2163,#2164);
#1769=AXIS2_PLACEMENT_3D('',#2760,#2166,#2167);
#1770=AXIS2_PLACEMENT_3D('',#2762,#2169,#2170);
#1771=AXIS2_PLACEMENT_3D('',#2764,#2172,#2173);
#1772=AXIS2_PLACEMENT_3D('',#2766,#2174,#2175);
#1773=AXIS2_PLACEMENT_3D('',#2769,#2178,#2179);
#1774=AXIS2_PLACEMENT_3D('',#2771,#2181,#2182);
#1775=AXIS2_PLACEMENT_3D('',#2774,#2185,#2186);
#1776=AXIS2_PLACEMENT_3D('',#2777,#2189,#2190);
#1777=AXIS2_PLACEMENT_3D('',#2780,#2193,#2194);
#1778=AXIS2_PLACEMENT_3D('',#2781,#2195,#2196);
#1779=AXIS2_PLACEMENT_3D('',#2782,#2197,#2198);
#1780=AXIS2_PLACEMENT_3D('',#2783,#2199,#2200);
#1781=AXIS2_PLACEMENT_3D('',#2784,#2201,#2202);
#1782=AXIS2_PLACEMENT_3D('',#2787,#2205,#2206);
#1783=AXIS2_PLACEMENT_3D('',#2788,#2207,#2208);
#1784=AXIS2_PLACEMENT_3D('',#2790,#2210,#2211);
#1785=AXIS2_PLACEMENT_3D('',#2792,#2213,#2214);
#1786=AXIS2_PLACEMENT_3D('',#2793,#2215,#2216);
#1787=AXIS2_PLACEMENT_3D('',#2796,#2219,#2220);
#1788=AXIS2_PLACEMENT_3D('',#2797,#2221,#2222);
#1789=AXIS2_PLACEMENT_3D('',#2798,#2223,#2224);
#1790=AXIS2_PLACEMENT_3D('',#2799,#2225,#2226);
#1791=AXIS2_PLACEMENT_3D('',#2800,#2227,#2228);
#1792=AXIS2_PLACEMENT_3D('',#2802,#2230,#2231);
#1793=AXIS2_PLACEMENT_3D('',#2804,#2233,#2234);
#1794=AXIS2_PLACEMENT_3D('',#2805,#2235,#2236);
#1795=AXIS2_PLACEMENT_3D('',#2807,#2238,#2239);
#1796=AXIS2_PLACEMENT_3D('',#2809,#2241,#2242);
#1797=AXIS2_PLACEMENT_3D('',#2810,#2243,#2244);
#1798=AXIS2_PLACEMENT_3D('',#2812,#2246,#2247);
#1799=AXIS2_PLACEMENT_3D('',#2814,#2249,#2250);
#1800=AXIS2_PLACEMENT_3D('',#2815,#2251,#2252);
#1801=AXIS2_PLACEMENT_3D('',#2817,#2254,#2255);
#1802=AXIS2_PLACEMENT_3D('',#2819,#2257,#2258);
#1803=DIRECTION('axis',(0.,0.,1.));
#1804=DIRECTION('refdir',(1.,0.,0.));
#1805=DIRECTION('center_axis',(-1.,-1.35415632292114E-15,8.25213311033007E-15));
#1806=DIRECTION('ref_axis',(1.3263169893958E-15,-0.999994312569114,-0.00337265910313648));
#1807=DIRECTION('center_axis',(1.,1.35406490681297E-15,-8.22502821017606E-15));
#1808=DIRECTION('ref_axis',(8.22954823023078E-15,-0.00337265910314169,0.999994312569114));
#1809=DIRECTION('',(1.,1.35415632292114E-15,-8.25213311033007E-15));
#1810=DIRECTION('center_axis',(-1.,-1.35415632292114E-15,8.25213311033007E-15));
#1811=DIRECTION('ref_axis',(-1.32631698939574E-15,0.999994312569114,0.00337265910314342));
#1812=DIRECTION('',(-1.,-1.35415632292114E-15,8.25213311033007E-15));
#1813=DIRECTION('center_axis',(-1.3263169893958E-15,0.999994312569114,0.00337265910313648));
#1814=DIRECTION('ref_axis',(8.25665328454292E-15,-0.00337265910313648,0.999994312569114));
#1815=DIRECTION('center_axis',(-2.38909817189452E-15,0.991880137064404,
-0.127176230865277));
#1816=DIRECTION('ref_axis',(8.18602235288198E-15,0.127176230865277,0.991880137064404));
#1817=DIRECTION('',(-1.3263169893958E-15,0.999994312569114,0.00337265910313648));
#1818=DIRECTION('center_axis',(-1.3263169893958E-15,0.999994312569114,0.00337265910313632));
#1819=DIRECTION('ref_axis',(8.25665328454292E-15,-0.00337265910313648,0.999994312569114));
#1820=DIRECTION('center_axis',(-1.,-1.35415632292114E-15,8.25213311033007E-15));
#1821=DIRECTION('ref_axis',(1.3263169893958E-15,-0.999994312569114,-0.00337265910313648));
#1822=DIRECTION('center_axis',(1.,1.35406490681297E-15,-8.22502821017606E-15));
#1823=DIRECTION('ref_axis',(8.22954823023077E-15,-0.00337265910313648,0.999994312569114));
#1824=DIRECTION('',(1.,1.35064727629041E-15,-8.25168318971189E-15));
#1825=DIRECTION('center_axis',(-1.,-1.35415632292114E-15,8.25213311033007E-15));
#1826=DIRECTION('ref_axis',(-1.3263169893958E-15,0.999994312569114,0.00337265910313648));
#1827=DIRECTION('',(-1.,-1.35415632292114E-15,8.25213311033007E-15));
#1828=DIRECTION('center_axis',(-1.,-1.35415632292114E-15,8.25213311033007E-15));
#1829=DIRECTION('ref_axis',(1.3263169893958E-15,-0.999994312569114,-0.00337265910313648));
#1830=DIRECTION('center_axis',(-1.,-1.35415632292114E-15,8.25213311033007E-15));
#1831=DIRECTION('ref_axis',(1.3263169893958E-15,-0.999994312569114,-0.00337265910313648));
#1832=DIRECTION('',(-1.,-1.35415632292114E-15,8.25213311033007E-15));
#1833=DIRECTION('center_axis',(-1.,-1.35415632292114E-15,8.25213311033007E-15));
#1834=DIRECTION('ref_axis',(1.3263169893958E-15,-0.999994312569114,-0.00337265910313648));
#1835=DIRECTION('center_axis',(-1.3263169893958E-15,0.999994312569114,0.00337265910313648));
#1836=DIRECTION('ref_axis',(8.25665328454291E-15,-0.00337265910313648,0.999994312569114));
#1837=DIRECTION('',(-8.22954823023077E-15,0.00337265910313648,-0.999994312569114));
#1838=DIRECTION('',(1.,1.35415632292114E-15,-8.25213311033007E-15));
#1839=DIRECTION('',(8.25665328454291E-15,-0.00337265910313648,0.999994312569114));
#1840=DIRECTION('',(1.,1.35406490681297E-15,-8.22502821017606E-15));
#1841=DIRECTION('center_axis',(-1.3263169893958E-15,0.999994312569114,0.00337265910313648));
#1842=DIRECTION('ref_axis',(8.25665328454291E-15,-0.00337265910313648,0.999994312569114));
#1843=DIRECTION('',(-8.25665328454291E-15,0.00337265910313648,-0.999994312569114));
#1844=DIRECTION('',(-1.,-1.35415632292114E-15,8.25213311033007E-15));
#1845=DIRECTION('',(-8.22954823023077E-15,0.00337265910313648,-0.999994312569114));
#1846=DIRECTION('',(-1.,-1.35415632292114E-15,8.25213311033007E-15));
#1847=DIRECTION('',(8.25665328454291E-15,-0.00337265910313648,0.999994312569114));
#1848=DIRECTION('',(-1.,-1.35415632292114E-15,8.25213311033007E-15));
#1849=DIRECTION('',(-8.25665328454291E-15,0.00337265910313648,-0.999994312569114));
#1850=DIRECTION('',(-1.,-1.35415632292114E-15,8.25213311033007E-15));
#1851=DIRECTION('center_axis',(-1.3263169893958E-15,0.999994312569114,0.00337265910313648));
#1852=DIRECTION('ref_axis',(8.25665328454291E-15,-0.00337265910313648,0.999994312569114));
#1853=DIRECTION('',(8.25665328454291E-15,-0.00337265910313648,0.999994312569114));
#1854=DIRECTION('',(-1.,-1.35415632292114E-15,8.25213311033007E-15));
#1855=DIRECTION('',(-8.22954823023077E-15,0.00337265910313648,-0.999994312569114));
#1856=DIRECTION('',(1.,1.35406490681297E-15,-8.22502821017606E-15));
#1857=DIRECTION('center_axis',(-1.3263169893958E-15,0.999994312569114,0.00337265910313648));
#1858=DIRECTION('ref_axis',(8.25665328454291E-15,-0.00337265910313648,0.999994312569114));
#1859=DIRECTION('',(-8.22954823023077E-15,0.00337265910313648,-0.999994312569114));
#1860=DIRECTION('',(1.,1.35415632292114E-15,-8.25213311033007E-15));
#1861=DIRECTION('',(-8.25665328454291E-15,0.00337265910313648,-0.999994312569114));
#1862=DIRECTION('',(1.,1.35415632292114E-15,-8.25213311033007E-15));
#1863=DIRECTION('',(-8.25665328454291E-15,0.00337265910313648,-0.999994312569114));
#1864=DIRECTION('',(1.,1.35415632292114E-15,-8.25213311033007E-15));
#1865=DIRECTION('',(8.25665328454291E-15,-0.00337265910313648,0.999994312569114));
#1866=DIRECTION('',(1.,1.35406490681297E-15,-8.22502821017606E-15));
#1867=DIRECTION('center_axis',(-1.3263169893958E-15,0.999994312569114,0.00337265910313648));
#1868=DIRECTION('ref_axis',(8.25665328454291E-15,-0.00337265910313648,0.999994312569114));
#1869=DIRECTION('',(-8.25665328454291E-15,0.00337265910313648,-0.999994312569114));
#1870=DIRECTION('',(1.,1.35415632292114E-15,-8.25213311033007E-15));
#1871=DIRECTION('',(8.25665328454291E-15,-0.00337265910313648,0.999994312569114));
#1872=DIRECTION('',(1.,1.35406490681297E-15,-8.22502821017606E-15));
#1873=DIRECTION('center_axis',(-1.3263169893958E-15,0.999994312569114,0.00337265910313648));
#1874=DIRECTION('ref_axis',(8.25665328454291E-15,-0.00337265910313648,0.999994312569114));
#1875=DIRECTION('',(8.25665328454291E-15,-0.00337265910313648,0.999994312569114));
#1876=DIRECTION('',(-1.,-1.35415632292114E-15,8.25213311033007E-15));
#1877=DIRECTION('',(-8.25665328454291E-15,0.00337265910313648,-0.999994312569114));
#1878=DIRECTION('',(1.,1.35406490681297E-15,-8.22502821017606E-15));
#1879=DIRECTION('center_axis',(1.,1.35406490681297E-15,-8.22502821017606E-15));
#1880=DIRECTION('ref_axis',(-8.22954823023078E-15,0.00337265910313648,-0.999994312569114));
#1881=DIRECTION('center_axis',(-1.,-1.35415632292114E-15,8.25213311033007E-15));
#1882=DIRECTION('ref_axis',(-1.3263169893958E-15,0.999994312569114,0.00337265910313648));
#1883=DIRECTION('',(1.,1.35406490681297E-15,-8.22502821017606E-15));
#1884=DIRECTION('center_axis',(1.,1.35415632292114E-15,-8.25213311033007E-15));
#1885=DIRECTION('ref_axis',(-1.3263169893958E-15,0.999994312569114,0.00337265910313648));
#1886=DIRECTION('',(1.,1.35406490681297E-15,-8.22502821017606E-15));
#1887=DIRECTION('center_axis',(1.,1.35406490681297E-15,-8.22502821017606E-15));
#1888=DIRECTION('ref_axis',(-8.22954823023078E-15,0.00337265910313648,-0.999994312569114));
#1889=DIRECTION('center_axis',(1.,1.35406490681297E-15,-8.22502821017606E-15));
#1890=DIRECTION('ref_axis',(-8.22954823023078E-15,0.00337265910313648,-0.999994312569114));
#1891=DIRECTION('',(1.,1.35406490681297E-15,-8.22502821017606E-15));
#1892=DIRECTION('center_axis',(1.,1.35415632292114E-15,-8.25213311033007E-15));
#1893=DIRECTION('ref_axis',(1.3263169893958E-15,-0.999994312569114,-0.00337265910313562));
#1894=DIRECTION('',(1.,1.35406490681297E-15,-8.22502821017606E-15));
#1895=DIRECTION('center_axis',(-1.,-1.35415632292114E-15,8.25213311033007E-15));
#1896=DIRECTION('ref_axis',(1.3263169893958E-15,-0.999994312569114,-0.00337265910313648));
#1897=DIRECTION('center_axis',(-1.,-1.35415632292114E-15,8.25213311033007E-15));
#1898=DIRECTION('ref_axis',(1.3263169893958E-15,-0.999994312569114,-0.00337265910313648));
#1899=DIRECTION('',(-1.,-1.35415632292114E-15,8.25213311033007E-15));
#1900=DIRECTION('center_axis',(-1.,-1.35415632292114E-15,8.25213311033007E-15));
#1901=DIRECTION('ref_axis',(1.3263169893958E-15,-0.999994312569114,-0.00337265910313648));
#1902=DIRECTION('',(1.,1.35415632292114E-15,-8.25213311033007E-15));
#1903=DIRECTION('center_axis',(-1.,-1.35415632292114E-15,8.25213311033007E-15));
#1904=DIRECTION('ref_axis',(1.3263169893958E-15,-0.999994312569114,-0.00337265910313648));
#1905=DIRECTION('',(-1.3263169893958E-15,0.999994312569114,0.00337265910313648));
#1906=DIRECTION('',(1.3263169893958E-15,-0.999994312569114,-0.00337265910313648));
#1907=DIRECTION('center_axis',(1.,1.35415632292114E-15,-8.25213311033007E-15));
#1908=DIRECTION('ref_axis',(-1.3263169893958E-15,0.999994312569114,0.00337265910313648));
#1909=DIRECTION('center_axis',(1.,1.35415632292114E-15,-8.25213311033007E-15));
#1910=DIRECTION('ref_axis',(-1.3263169893958E-15,0.999994312569114,0.00337265910313648));
#1911=DIRECTION('',(-1.,-1.35415632292114E-15,8.25213311033007E-15));
#1912=DIRECTION('center_axis',(1.,1.35415632292114E-15,-8.25213311033007E-15));
#1913=DIRECTION('ref_axis',(-1.3263169893958E-15,0.999994312569114,0.00337265910313648));
#1914=DIRECTION('',(1.,1.35415632292114E-15,-8.25213311033007E-15));
#1915=DIRECTION('center_axis',(1.,1.35415632292114E-15,-8.25213311033007E-15));
#1916=DIRECTION('ref_axis',(-1.3263169893958E-15,0.999994312569114,0.00337265910313648));
#1917=DIRECTION('',(1.3263169893958E-15,-0.999994312569114,-0.00337265910313648));
#1918=DIRECTION('',(-1.3263169893958E-15,0.999994312569114,0.00337265910313648));
#1919=DIRECTION('center_axis',(2.38909817189452E-15,-0.991880137064404,
0.127176230865277));
#1920=DIRECTION('ref_axis',(-8.01291042339641E-15,-0.127176230865277,-0.991880137064404));
#1921=DIRECTION('',(-7.99613875946057E-15,-0.127176230865277,-0.991880137064404));
#1922=DIRECTION('',(-1.,-1.35014500412318E-15,8.25560053953963E-15));
#1923=DIRECTION('',(8.01291042339641E-15,0.127176230865277,0.991880137064404));
#1924=DIRECTION('center_axis',(1.,1.35406490681297E-15,-8.22502821017606E-15));
#1925=DIRECTION('ref_axis',(-8.22954823023078E-15,0.00337265910313648,-0.999994312569114));
#1926=DIRECTION('center_axis',(1.,1.35415632292114E-15,-8.25213311033007E-15));
#1927=DIRECTION('ref_axis',(-1.3263169893958E-15,0.999994312569114,0.00337265910313648));
#1928=DIRECTION('',(1.,1.35406490681297E-15,-8.22502821017606E-15));
#1929=DIRECTION('center_axis',(-1.,-1.35415632292114E-15,8.25213311033007E-15));
#1930=DIRECTION('ref_axis',(-1.3263169893958E-15,0.999994312569114,0.00337265910313648));
#1931=DIRECTION('',(1.,1.35406490681297E-15,-8.22502821017606E-15));
#1932=DIRECTION('center_axis',(8.22954823023077E-15,-0.00337265910313648,
0.999994312569114));
#1933=DIRECTION('ref_axis',(1.,1.35406490681297E-15,-8.22502821017606E-15));
#1934=DIRECTION('',(1.3263169893958E-15,-0.999994312569114,-0.00337265910313648));
#1935=DIRECTION('center_axis',(-8.22954823023077E-15,0.00337265910313648,
-0.999994312569114));
#1936=DIRECTION('ref_axis',(-1.,-1.35406490681297E-15,8.22502821017606E-15));
#1937=DIRECTION('',(1.3263169893958E-15,-0.999994312569114,-0.00337265910313648));
#1938=DIRECTION('',(-1.3263169893958E-15,0.999994312569114,0.00337265910313648));
#1939=DIRECTION('center_axis',(-8.22954823023077E-15,0.00337265910313648,
-0.999994312569114));
#1940=DIRECTION('ref_axis',(-1.,-1.35406490681297E-15,8.22502821017606E-15));
#1941=DIRECTION('',(-1.3263169893958E-15,0.999994312569114,0.00337265910313648));
#1942=DIRECTION('',(1.,1.35406490681297E-15,-8.22502821017606E-15));
#1943=DIRECTION('',(-1.3263169893958E-15,0.999994312569114,0.00337265910313648));
#1944=DIRECTION('center_axis',(8.22954823023077E-15,-0.00337265910313648,
0.999994312569114));
#1945=DIRECTION('ref_axis',(1.,1.35406490681297E-15,-8.22502821017606E-15));
#1946=DIRECTION('',(1.3263169893958E-15,-0.999994312569114,-0.00337265910313648));
#1947=DIRECTION('center_axis',(1.,1.35406490681297E-15,-8.22502821017606E-15));
#1948=DIRECTION('ref_axis',(-8.22954823023078E-15,0.00337265910313648,-0.999994312569114));
#1949=DIRECTION('center_axis',(1.,1.35415632292114E-15,-8.25213311033007E-15));
#1950=DIRECTION('ref_axis',(1.3263169893958E-15,-0.999994312569114,-0.00337265910313648));
#1951=DIRECTION('',(1.,1.35406490681297E-15,-8.22502821017606E-15));
#1952=DIRECTION('center_axis',(1.,1.35406490681297E-15,-8.22502821017606E-15));
#1953=DIRECTION('ref_axis',(-8.22954823023078E-15,0.00337265910313648,-0.999994312569114));
#1954=DIRECTION('center_axis',(-1.,-1.35415632292114E-15,8.25213311033007E-15));
#1955=DIRECTION('ref_axis',(1.3263169893958E-15,-0.999994312569114,-0.00337265910313648));
#1956=DIRECTION('',(-1.,-1.35064727629041E-15,8.25168318971189E-15));
#1957=DIRECTION('center_axis',(1.,1.35415632292114E-15,-8.25213311033007E-15));
#1958=DIRECTION('ref_axis',(1.32631698939567E-15,-0.999994312569114,-0.00337265910315157));
#1959=DIRECTION('',(1.,1.35415632292114E-15,-8.25213311033007E-15));
#1960=DIRECTION('center_axis',(1.,1.35415632292114E-15,-8.25213311033007E-15));
#1961=DIRECTION('ref_axis',(-1.3263169893958E-15,0.999994312569114,0.00337265910313648));
#1962=DIRECTION('center_axis',(2.38909817189452E-15,-0.991880137064404,
0.127176230865277));
#1963=DIRECTION('ref_axis',(-8.01291042339641E-15,-0.127176230865277,-0.991880137064404));
#1964=DIRECTION('',(8.01291042339641E-15,0.127176230865277,0.991880137064404));
#1965=DIRECTION('',(1.,1.35114487438998E-15,-8.24780229414006E-15));
#1966=DIRECTION('',(-7.99613875946057E-15,-0.127176230865277,-0.991880137064404));
#1967=DIRECTION('',(-1.,-1.35064727629041E-15,8.25168318971189E-15));
#1968=DIRECTION('',(8.01291042339641E-15,0.127176230865277,0.991880137064404));
#1969=DIRECTION('center_axis',(7.33006252173228E-16,0.991880137064404,-0.12717623086528));
#1970=DIRECTION('ref_axis',(-3.49546779465781E-13,0.12717623086528,0.991880137064404));
#1971=DIRECTION('',(1.,1.35058804561543E-15,-8.25214514498146E-15));
#1972=DIRECTION('center_axis',(-5.47404735587964E-15,0.991880137064404,
-0.12717623086528));
#1973=DIRECTION('ref_axis',(5.42192121545949E-12,0.12717623086528,0.991880137064404));
#1974=DIRECTION('',(-8.01291042339641E-15,-0.127176230865277,-0.991880137064404));
#1975=DIRECTION('center_axis',(1.,1.35415632292114E-15,-8.25213311033007E-15));
#1976=DIRECTION('ref_axis',(-1.3263169893958E-15,0.999994312569114,0.00337265910313648));
#1977=DIRECTION('',(8.25665328454291E-15,-0.00337265910313632,0.999994312569114));
#1978=DIRECTION('center_axis',(-1.,-1.35415632292114E-15,8.25213311033007E-15));
#1979=DIRECTION('ref_axis',(-1.3263169893958E-15,0.999994312569114,0.00337265910313648));
#1980=DIRECTION('',(-2.97970243598378E-15,-0.864334148773242,-0.502917964746176));
#1981=DIRECTION('center_axis',(-1.,-1.35415632292114E-15,8.25213311033007E-15));
#1982=DIRECTION('ref_axis',(-1.3263169893958E-15,0.999994312569114,0.00337265910313648));
#1983=DIRECTION('center_axis',(-1.,-1.35415632292114E-15,8.25213311033007E-15));
#1984=DIRECTION('ref_axis',(-1.3263169893958E-15,0.999994312569114,0.00337265910313648));
#1985=DIRECTION('',(-4.37206479080975E-15,-0.756532931101891,-0.653955598002174));
#1986=DIRECTION('center_axis',(1.,1.35415632292114E-15,-8.25213311033007E-15));
#1987=DIRECTION('ref_axis',(-1.3263169893958E-15,0.999994312569114,0.00337265910313648));
#1988=DIRECTION('',(-8.25665328454291E-15,0.00337265910313635,-0.999994312569114));
#1989=DIRECTION('center_axis',(1.,1.35415632292114E-15,-8.25213311033007E-15));
#1990=DIRECTION('ref_axis',(-1.3263169893958E-15,0.999994312569114,0.00337265910313648));
#1991=DIRECTION('',(-7.54825409759564E-15,0.570899271166195,-0.821020110704913));
#1992=DIRECTION('center_axis',(-1.,-1.35415632292114E-15,8.25213311033007E-15));
#1993=DIRECTION('ref_axis',(-1.32631698939578E-15,0.999994312569114,0.00337265910313822));
#1994=DIRECTION('center_axis',(-1.,-1.35415632292114E-15,8.25213311033007E-15));
#1995=DIRECTION('ref_axis',(1.3263169893958E-15,-0.999994312569114,-0.00337265910313648));
#1996=DIRECTION('',(6.78909470438903E-15,0.444696165490067,0.895681483786748));
#1997=DIRECTION('center_axis',(-1.,-1.35415632292114E-15,8.25213311033007E-15));
#1998=DIRECTION('ref_axis',(-1.32631698939582E-15,0.999994312569114,0.00337265910313388));
#1999=DIRECTION('',(1.3263169893958E-15,-0.999994312569114,-0.00337265910313648));
#2000=DIRECTION('',(-8.25665328454291E-15,0.00337265910313648,-0.999994312569114));
#2001=DIRECTION('',(-1.3263169893958E-15,0.999994312569114,0.00337265910313648));
#2002=DIRECTION('',(-6.77618326461117E-15,0.709487589688058,-0.704717929443142));
#2003=DIRECTION('',(1.3263169893958E-15,-0.999994312569114,-0.00337265910313648));
#2004=DIRECTION('',(8.25665328454291E-15,-0.00337265910313648,0.999994312569114));
#2005=DIRECTION('',(1.3263169893958E-15,-0.999994312569114,-0.00337265910313648));
#2006=DIRECTION('',(1.3263169893958E-15,-0.999994312569114,-0.00337265910313648));
#2007=DIRECTION('',(-8.25665328454291E-15,0.00337265910313648,-0.999994312569114));
#2008=DIRECTION('',(-1.3263169893958E-15,0.999994312569114,0.00337265910313648));
#2009=DIRECTION('',(1.3263169893958E-15,-0.999994312569114,-0.00337265910313648));
#2010=DIRECTION('',(8.25665328454291E-15,-0.00337265910313648,0.999994312569114));
#2011=DIRECTION('',(1.3263169893958E-15,-0.999994312569114,-0.00337265910313648));
#2012=DIRECTION('center_axis',(-1.,-1.35415632292114E-15,8.25213311033007E-15));
#2013=DIRECTION('ref_axis',(-1.3263169893958E-15,0.999994312569114,0.00337265910313648));
#2014=DIRECTION('',(3.89293837920911E-15,0.797971854593409,0.602694714823978));
#2015=DIRECTION('center_axis',(1.,1.35415632292114E-15,-8.25213311033007E-15));
#2016=DIRECTION('ref_axis',(-1.3263169893958E-15,0.999994312569114,0.00337265910313648));
#2017=DIRECTION('center_axis',(-8.25665328454291E-15,0.00337265910313648,
-0.999994312569114));
#2018=DIRECTION('ref_axis',(-1.3263169893958E-15,0.999994312569114,0.00337265910313648));
#2019=DIRECTION('',(1.3263169893958E-15,-0.999994312569114,-0.00337265910313648));
#2020=DIRECTION('',(1.,1.35406490681297E-15,-8.22502821017606E-15));
#2021=DIRECTION('',(1.,1.34058489182162E-15,-8.25217888240104E-15));
#2022=DIRECTION('center_axis',(-1.,-1.35406490681297E-15,8.22502821017606E-15));
#2023=DIRECTION('ref_axis',(8.22954823023078E-15,-0.00337265910313648,0.999994312569114));
#2024=DIRECTION('',(2.97970243598378E-15,0.864334148773242,0.502917964746176));
#2025=DIRECTION('center_axis',(1.,1.35406490681297E-15,-8.22502821017606E-15));
#2026=DIRECTION('ref_axis',(8.22954823023077E-15,-0.00337265910313822,0.999994312569114));
#2027=DIRECTION('',(8.25665328454291E-15,-0.00337265910313636,0.999994312569114));
#2028=DIRECTION('center_axis',(-1.,-1.35406490681297E-15,8.22502821017606E-15));
#2029=DIRECTION('ref_axis',(8.22954823023078E-15,-0.00337265910313648,0.999994312569114));
#2030=DIRECTION('',(3.89293837920911E-15,0.797971854593409,0.602694714823978));
#2031=DIRECTION('center_axis',(1.,1.35406490681297E-15,-8.22502821017606E-15));
#2032=DIRECTION('ref_axis',(8.22954823023077E-15,-0.00337265910313301,0.999994312569114));
#2033=DIRECTION('',(1.3263169893958E-15,-0.999994312569114,-0.00337265910313648));
#2034=DIRECTION('',(-8.25665328454291E-15,0.00337265910313648,-0.999994312569114));
#2035=DIRECTION('',(1.3263169893958E-15,-0.999994312569114,-0.00337265910313648));
#2036=DIRECTION('',(-1.3263169893958E-15,0.999994312569114,0.00337265910313648));
#2037=DIRECTION('',(-8.25665328454291E-15,0.00337265910313648,-0.999994312569114));
#2038=DIRECTION('',(1.3263169893958E-15,-0.999994312569114,-0.00337265910313648));
#2039=DIRECTION('',(1.3263169893958E-15,-0.999994312569114,-0.00337265910313648));
#2040=DIRECTION('',(-8.97945473286658E-15,0.00337265910313648,-0.999994312569114));
#2041=DIRECTION('',(1.3263169893958E-15,-0.999994312569114,-0.00337265910313648));
#2042=DIRECTION('',(6.75701709690263E-15,-0.709487589688058,0.704717929443142));
#2043=DIRECTION('',(-1.3263169893958E-15,0.999994312569114,0.00337265910313648));
#2044=DIRECTION('',(-8.25665328454291E-15,0.00337265910313648,-0.999994312569114));
#2045=DIRECTION('center_axis',(1.,1.35406490681297E-15,-8.22502821017606E-15));
#2046=DIRECTION('ref_axis',(8.22954823023078E-15,-0.00337265910313648,0.999994312569114));
#2047=DIRECTION('',(-6.78909470438903E-15,-0.444696165490067,-0.895681483786748));
#2048=DIRECTION('center_axis',(1.,1.35406490681297E-15,-8.22502821017606E-15));
#2049=DIRECTION('ref_axis',(8.22954823023077E-15,-0.00337265910313648,0.999994312569114));
#2050=DIRECTION('center_axis',(-1.,-1.35406490681297E-15,8.22502821017606E-15));
#2051=DIRECTION('ref_axis',(8.22954823023077E-15,-0.00337265910313648,0.999994312569114));
#2052=DIRECTION('center_axis',(1.,1.35406490681297E-15,-8.22502821017606E-15));
#2053=DIRECTION('ref_axis',(8.22954823023078E-15,-0.00337265910313648,0.999994312569114));
#2054=DIRECTION('',(-7.54825409759564E-15,0.570899271166195,-0.821020110704913));
#2055=DIRECTION('center_axis',(-1.,-1.35406490681297E-15,8.22502821017606E-15));
#2056=DIRECTION('ref_axis',(8.22954823023078E-15,-0.00337265910313648,0.999994312569114));
#2057=DIRECTION('',(-8.25665328454291E-15,0.00337265910313635,-0.999994312569114));
#2058=DIRECTION('center_axis',(-1.,-1.35406490681297E-15,8.22502821017606E-15));
#2059=DIRECTION('ref_axis',(8.22954823023078E-15,-0.00337265910313648,0.999994312569114));
#2060=DIRECTION('',(-4.37206479080975E-15,-0.756532931101891,-0.653955598002174));
#2061=DIRECTION('center_axis',(1.,1.35406490681297E-15,-8.22502821017606E-15));
#2062=DIRECTION('ref_axis',(8.22954823023078E-15,-0.00337265910313648,0.999994312569114));
#2063=DIRECTION('center_axis',(1.,1.35406490681297E-15,-8.22502821017606E-15));
#2064=DIRECTION('ref_axis',(8.22954823023077E-15,-0.00337265910313648,0.999994312569114));
#2065=DIRECTION('center_axis',(-1.,-1.35415632292114E-15,8.25213311033007E-15));
#2066=DIRECTION('ref_axis',(1.3263169893958E-15,-0.999994312569114,-0.00337265910313648));
#2067=DIRECTION('center_axis',(1.,1.35415632292114E-15,-8.25213311033007E-15));
#2068=DIRECTION('ref_axis',(1.3263169893959E-15,-0.999994312569114,-0.00337265910312403));
#2069=DIRECTION('',(-1.,-1.35415632292114E-15,8.25213311033007E-15));
#2070=DIRECTION('center_axis',(-1.,-1.35415632292114E-15,8.25213311033007E-15));
#2071=DIRECTION('ref_axis',(-1.3263169893958E-15,0.999994312569114,0.00337265910313648));
#2072=DIRECTION('',(1.,1.35415632292114E-15,-8.25213311033007E-15));
#2073=DIRECTION('',(1.,1.35406490681297E-15,-8.22502821017606E-15));
#2074=DIRECTION('center_axis',(1.,1.35415632292114E-15,-8.25213311033007E-15));
#2075=DIRECTION('ref_axis',(1.32631698939579E-15,-0.999994312569114,-0.00337265910313725));
#2076=DIRECTION('center_axis',(1.,1.35415632292114E-15,-8.25213311033007E-15));
#2077=DIRECTION('ref_axis',(-1.3263169893958E-15,0.999994312569114,0.00337265910313648));
#2078=DIRECTION('center_axis',(1.,1.35415632292114E-15,-8.25213311033007E-15));
#2079=DIRECTION('ref_axis',(-1.3263169893958E-15,0.999994312569114,0.00337265910313648));
#2080=DIRECTION('',(1.,1.35415632292114E-15,-8.25213311033007E-15));
#2081=DIRECTION('center_axis',(-1.,-1.35415632292114E-15,8.25213311033007E-15));
#2082=DIRECTION('ref_axis',(-1.32631698939578E-15,0.999994312569114,0.00337265910313822));
#2083=DIRECTION('',(-1.,-1.35415632292114E-15,8.25213311033007E-15));
#2084=DIRECTION('center_axis',(1.,1.35415632292114E-15,-8.25213311033007E-15));
#2085=DIRECTION('ref_axis',(1.3263169893958E-15,-0.999994312569114,-0.00337265910313648));
#2086=DIRECTION('center_axis',(1.,1.35415632292114E-15,-8.25213311033007E-15));
#2087=DIRECTION('ref_axis',(-1.3263169893958E-15,0.999994312569114,0.00337265910313648));
#2088=DIRECTION('',(1.3263169893958E-15,-0.999994312569114,-0.00337265910313648));
#2089=DIRECTION('',(1.3263169893958E-15,-0.999994312569114,-0.00337265910313648));
#2090=DIRECTION('',(-8.25665328454291E-15,0.00337265910313648,-0.999994312569114));
#2091=DIRECTION('',(1.3263169893958E-15,-0.999994312569114,-0.00337265910313648));
#2092=DIRECTION('',(1.3263169893958E-15,-0.999994312569114,-0.00337265910313648));
#2093=DIRECTION('',(-8.25665328454291E-15,0.00337265910313648,-0.999994312569114));
#2094=DIRECTION('',(1.3263169893958E-15,-0.999994312569114,-0.00337265910313648));
#2095=DIRECTION('center_axis',(1.,1.35415632292114E-15,-8.25213311033007E-15));
#2096=DIRECTION('ref_axis',(-1.3263169893958E-15,0.999994312569114,0.00337265910313648));
#2097=DIRECTION('',(-1.3263169893958E-15,0.999994312569114,0.00337265910313648));
#2098=DIRECTION('',(-8.25665328454291E-15,0.00337265910313648,-0.999994312569114));
#2099=DIRECTION('center_axis',(1.,1.35415632292114E-15,-8.25213311033007E-15));
#2100=DIRECTION('ref_axis',(-1.3263169893958E-15,0.999994312569114,0.00337265910313648));
#2101=DIRECTION('',(1.3263169893958E-15,-0.999994312569114,-0.00337265910313648));
#2102=DIRECTION('',(-8.25665328454291E-15,0.00337265910313648,-0.999994312569114));
#2103=DIRECTION('',(-1.3263169893958E-15,0.999994312569114,0.00337265910313648));
#2104=DIRECTION('center_axis',(-1.,-1.35415632292114E-15,8.25213311033007E-15));
#2105=DIRECTION('ref_axis',(1.3263169893958E-15,-0.999994312569114,-0.00337265910313648));
#2106=DIRECTION('',(1.3263169893958E-15,-0.999994312569114,-0.00337265910313648));
#2107=DIRECTION('',(8.25665328454291E-15,-0.00337265910313648,0.999994312569114));
#2108=DIRECTION('',(1.3263169893958E-15,-0.999994312569114,-0.00337265910313648));
#2109=DIRECTION('',(1.3263169893958E-15,-0.999994312569114,-0.00337265910313648));
#2110=DIRECTION('',(8.25665328454291E-15,-0.00337265910313648,0.999994312569114));
#2111=DIRECTION('',(1.3263169893958E-15,-0.999994312569114,-0.00337265910313648));
#2112=DIRECTION('center_axis',(-7.79015632374702E-15,0.502917964746176,
-0.864334148773242));
#2113=DIRECTION('ref_axis',(2.97970243598378E-15,0.864334148773242,0.502917964746176));
#2114=DIRECTION('',(1.,1.35406490681297E-15,-8.22502821017606E-15));
#2115=DIRECTION('',(-1.,-1.34235099478981E-15,8.23184401955056E-15));
#2116=DIRECTION('center_axis',(4.87044937099073E-15,-0.895681483786748,
0.444696165490067));
#2117=DIRECTION('ref_axis',(-6.78909470438903E-15,-0.444696165490067,-0.895681483786748));
#2118=DIRECTION('',(-1.,-1.34058489182162E-15,8.25217888240104E-15));
#2119=DIRECTION('center_axis',(-1.,-1.35415632292114E-15,8.25213311033007E-15));
#2120=DIRECTION('ref_axis',(1.3263169893958E-15,-0.999994312569114,-0.00337265910313648));
#2121=DIRECTION('center_axis',(-1.,-1.35415632292114E-15,8.25213311033007E-15));
#2122=DIRECTION('ref_axis',(-1.3263169893958E-15,0.999994312569114,0.00337265910313648));
#2123=DIRECTION('center_axis',(7.40111282127181E-15,-0.602694714823978,
0.797971854593409));
#2124=DIRECTION('ref_axis',(-3.89293837920911E-15,-0.797971854593409,-0.602694714823978));
#2125=DIRECTION('',(1.,1.35415632292114E-15,-8.25213311033007E-15));
#2126=DIRECTION('',(-1.,-1.35415632292114E-15,8.25213311033007E-15));
#2127=DIRECTION('center_axis',(1.3263169893958E-15,-0.999994312569114,-0.00337265910313632));
#2128=DIRECTION('ref_axis',(-8.25665328454291E-15,0.00337265910313632,-0.999994312569114));
#2129=DIRECTION('',(-1.,-1.35406490681297E-15,8.22502821017606E-15));
#2130=DIRECTION('',(1.,1.35415632292114E-15,-8.25213311033007E-15));
#2131=DIRECTION('center_axis',(-1.,-1.34058489182162E-15,8.25217888240104E-15));
#2132=DIRECTION('ref_axis',(1.31274548110926E-15,-0.999994312569114,-0.00337265910313648));
#2133=DIRECTION('center_axis',(-1.,-1.35415632292114E-15,8.25213311033007E-15));
#2134=DIRECTION('ref_axis',(1.3263169893958E-15,-0.999994312569114,-0.00337265910313648));
#2135=DIRECTION('center_axis',(1.,1.35415632292114E-15,-8.25213311033007E-15));
#2136=DIRECTION('ref_axis',(-1.3263169893958E-15,0.999994312569114,0.00337265910313648));
#2137=DIRECTION('center_axis',(1.,1.35415632292114E-15,-8.25213311033007E-15));
#2138=DIRECTION('ref_axis',(-1.3263169893958E-15,0.999994312569114,0.00337265910313648));
#2139=DIRECTION('center_axis',(8.25665328454291E-15,-0.00337265910313648,
0.999994312569114));
#2140=DIRECTION('ref_axis',(1.3263169893958E-15,-0.999994312569114,-0.00337265910313648));
#2141=DIRECTION('',(-1.3263169893958E-15,0.999994312569114,0.00337265910313648));
#2142=DIRECTION('',(1.3263169893958E-15,-0.999994312569114,-0.00337265910313648));
#2143=DIRECTION('center_axis',(-8.25665328454291E-15,0.00337265910313648,
-0.999994312569114));
#2144=DIRECTION('ref_axis',(-1.3263169893958E-15,0.999994312569114,0.00337265910313648));
#2145=DIRECTION('',(-1.3263169893958E-15,0.999994312569114,0.00337265910313648));
#2146=DIRECTION('',(1.3263169893958E-15,-0.999994312569114,-0.00337265910313648));
#2147=DIRECTION('center_axis',(-1.,-1.35415632292114E-15,8.25213311033007E-15));
#2148=DIRECTION('ref_axis',(1.3263169893958E-15,-0.999994312569114,-0.00337265910313648));
#2149=DIRECTION('',(1.3263169893958E-15,-0.999994312569114,-0.00337265910313648));
#2150=DIRECTION('',(-1.3263169893958E-15,0.999994312569114,0.00337265910313648));
#2151=DIRECTION('center_axis',(1.,1.35415632292114E-15,-8.25213311033007E-15));
#2152=DIRECTION('ref_axis',(-1.3263169893958E-15,0.999994312569114,0.00337265910313648));
#2153=DIRECTION('',(-1.3263169893958E-15,0.999994312569114,0.00337265910313648));
#2154=DIRECTION('',(1.3263169893958E-15,-0.999994312569114,-0.00337265910313648));
#2155=DIRECTION('center_axis',(1.3263169893958E-15,-0.999994312569114,-0.00337265910313648));
#2156=DIRECTION('ref_axis',(-8.25665328454291E-15,0.00337265910313648,-0.999994312569114));
#2157=DIRECTION('center_axis',(1.3263169893958E-15,-0.999994312569114,-0.00337265910313648));
#2158=DIRECTION('ref_axis',(-8.25665328454291E-15,0.00337265910313648,-0.999994312569114));
#2159=DIRECTION('center_axis',(1.3263169893958E-15,-0.999994312569114,-0.00337265910313648));
#2160=DIRECTION('ref_axis',(-8.25665328454291E-15,0.00337265910313648,-0.999994312569114));
#2161=DIRECTION('center_axis',(1.3263169893958E-15,-0.999994312569114,-0.00337265910313648));
#2162=DIRECTION('ref_axis',(-8.25665328454291E-15,0.00337265910313648,-0.999994312569114));
#2163=DIRECTION('center_axis',(-1.,-1.35415632292114E-15,8.25213311033007E-15));
#2164=DIRECTION('ref_axis',(1.3263169893958E-15,-0.999994312569114,-0.00337265910313648));
#2165=DIRECTION('',(1.,1.35415632292114E-15,-8.25213311033007E-15));
#2166=DIRECTION('center_axis',(-1.,-1.35415632292114E-15,8.25213311033007E-15));
#2167=DIRECTION('ref_axis',(1.3263169893958E-15,-0.999994312569114,-0.00337265910313648));
#2168=DIRECTION('',(-1.,-1.35415632292114E-15,8.25213311033007E-15));
#2169=DIRECTION('center_axis',(-1.,-1.35415632292114E-15,8.25213311033007E-15));
#2170=DIRECTION('ref_axis',(1.3263169893958E-15,-0.999994312569114,-0.00337265910313648));
#2171=DIRECTION('',(1.3263169893958E-15,-0.999994312569114,-0.00337265910313648));
#2172=DIRECTION('center_axis',(1.,1.35415632292114E-15,-8.25213311033007E-15));
#2173=DIRECTION('ref_axis',(-1.3263169893958E-15,0.999994312569114,0.00337265910313648));
#2174=DIRECTION('center_axis',(1.,1.35415632292114E-15,-8.25213311033007E-15));
#2175=DIRECTION('ref_axis',(-1.3263169893958E-15,0.999994312569114,0.00337265910313648));
#2176=DIRECTION('',(1.,1.35415632292114E-15,-8.25213311033007E-15));
#2177=DIRECTION('',(-1.,-1.35415632292114E-15,8.25213311033007E-15));
#2178=DIRECTION('center_axis',(1.,1.35415632292114E-15,-8.25213311033007E-15));
#2179=DIRECTION('ref_axis',(-1.3263169893958E-15,0.999994312569114,0.00337265910313648));
#2180=DIRECTION('',(-1.3263169893958E-15,0.999994312569114,0.00337265910313648));
#2181=DIRECTION('center_axis',(-7.1285685577453E-15,0.653955598002174,-0.756532931101891));
#2182=DIRECTION('ref_axis',(4.37206479080975E-15,0.756532931101891,0.653955598002174));
#2183=DIRECTION('',(1.,1.35014500412318E-15,-8.25560053953963E-15));
#2184=DIRECTION('',(-1.,-1.35415632292114E-15,8.25213311033007E-15));
#2185=DIRECTION('center_axis',(-1.3263169893958E-15,0.999994312569114,0.00337265910313635));
#2186=DIRECTION('ref_axis',(8.25665328454291E-15,-0.00337265910313635,0.999994312569114));
#2187=DIRECTION('',(1.,1.35415632292114E-15,-8.25213311033007E-15));
#2188=DIRECTION('',(-1.,-1.35415632292114E-15,8.25213311033007E-15));
#2189=DIRECTION('center_axis',(3.59934720409739E-15,0.821020110704913,0.570899271166195));
#2190=DIRECTION('ref_axis',(7.54825409759565E-15,-0.570899271166195,0.821020110704913));
#2191=DIRECTION('',(1.,1.35415632292114E-15,-8.25213311033007E-15));
#2192=DIRECTION('',(-1.,-1.35114487438998E-15,8.24780229414006E-15));
#2193=DIRECTION('center_axis',(1.,1.35014500412318E-15,-8.25560053953963E-15));
#2194=DIRECTION('ref_axis',(-1.32229399895525E-15,0.999994312569114,0.00337265910313648));
#2195=DIRECTION('center_axis',(1.,1.35415632292114E-15,-8.25213311033007E-15));
#2196=DIRECTION('ref_axis',(-1.3263169893958E-15,0.999994312569114,0.00337265910313648));
#2197=DIRECTION('center_axis',(1.,1.35415632292114E-15,-8.25213311033007E-15));
#2198=DIRECTION('ref_axis',(-1.3263169893958E-15,0.999994312569114,0.00337265910313648));
#2199=DIRECTION('center_axis',(1.,1.35114487438998E-15,-8.24780229414006E-15));
#2200=DIRECTION('ref_axis',(-8.25231233639481E-15,0.00337265910313648,-0.999994312569114));
#2201=DIRECTION('center_axis',(-8.22954823023077E-15,0.00337265910313648,
-0.999994312569114));
#2202=DIRECTION('ref_axis',(-1.,-1.35406490681297E-15,8.22502821017606E-15));
#2203=DIRECTION('',(-1.,-1.35406490681297E-15,8.22502821017606E-15));
#2204=DIRECTION('',(1.,1.35406490681297E-15,-8.22502821017606E-15));
#2205=DIRECTION('center_axis',(1.3263169893958E-15,-0.999994312569114,-0.00337265910313648));
#2206=DIRECTION('ref_axis',(-8.25665328454291E-15,0.00337265910313648,-0.999994312569114));
#2207=DIRECTION('center_axis',(-8.22954823023077E-15,0.00337265910313648,
-0.999994312569114));
#2208=DIRECTION('ref_axis',(-1.,-1.35406490681297E-15,8.22502821017606E-15));
#2209=DIRECTION('',(1.,1.35406490681297E-15,-8.22502821017606E-15));
#2210=DIRECTION('center_axis',(8.22954823023077E-15,-0.00337265910313648,
0.999994312569114));
#2211=DIRECTION('ref_axis',(1.,1.35406490681297E-15,-8.22502821017606E-15));
#2212=DIRECTION('',(1.,1.35406490681297E-15,-8.22502821017606E-15));
#2213=DIRECTION('center_axis',(1.3263169893958E-15,-0.999994312569114,-0.00337265910313648));
#2214=DIRECTION('ref_axis',(-8.25665328454291E-15,0.00337265910313648,-0.999994312569114));
#2215=DIRECTION('center_axis',(1.3263169893958E-15,-0.999994312569114,-0.00337265910313648));
#2216=DIRECTION('ref_axis',(-8.25665328454291E-15,0.00337265910313648,-0.999994312569114));
#2217=DIRECTION('',(1.,1.35406490681297E-15,-8.22502821017606E-15));
#2218=DIRECTION('',(1.,1.35406490681297E-15,-8.22502821017606E-15));
#2219=DIRECTION('center_axis',(8.22954823023077E-15,-0.00337265910313648,
0.999994312569114));
#2220=DIRECTION('ref_axis',(1.,1.35406490681297E-15,-8.22502821017606E-15));
#2221=DIRECTION('center_axis',(-8.22954823023077E-15,0.00337265910313648,
-0.999994312569114));
#2222=DIRECTION('ref_axis',(-1.,-1.35406490681297E-15,8.22502821017606E-15));
#2223=DIRECTION('center_axis',(4.88132162249324E-15,0.704717929443142,0.709487589688058));
#2224=DIRECTION('ref_axis',(-1.,-1.35406490681297E-15,8.22502821017606E-15));
#2225=DIRECTION('center_axis',(-1.,-1.35406490681297E-15,8.22502821017606E-15));
#2226=DIRECTION('ref_axis',(8.22954823023077E-15,-0.00337265910313648,0.999994312569114));
#2227=DIRECTION('center_axis',(8.25665328454291E-15,-0.00337265910313648,
0.999994312569114));
#2228=DIRECTION('ref_axis',(1.3263169893958E-15,-0.999994312569114,-0.00337265910313648));
#2229=DIRECTION('',(-1.,-1.35415632292114E-15,8.25213311033007E-15));
#2230=DIRECTION('center_axis',(-8.25665328454291E-15,0.00337265910313648,
-0.999994312569114));
#2231=DIRECTION('ref_axis',(-1.3263169893958E-15,0.999994312569114,0.00337265910313648));
#2232=DIRECTION('',(1.,1.35415632292114E-15,-8.25213311033007E-15));
#2233=DIRECTION('center_axis',(-1.3263169893958E-15,0.999994312569114,0.00337265910313648));
#2234=DIRECTION('ref_axis',(8.25665328454291E-15,-0.00337265910313648,0.999994312569114));
#2235=DIRECTION('center_axis',(-8.25665328454291E-15,0.00337265910313648,
-0.999994312569114));
#2236=DIRECTION('ref_axis',(-1.3263169893958E-15,0.999994312569114,0.00337265910313648));
#2237=DIRECTION('',(1.,1.35415632292114E-15,-8.25213311033007E-15));
#2238=DIRECTION('center_axis',(8.25665328454291E-15,-0.00337265910313648,
0.999994312569114));
#2239=DIRECTION('ref_axis',(1.3263169893958E-15,-0.999994312569114,-0.00337265910313648));
#2240=DIRECTION('',(-1.,-1.35415632292114E-15,8.25213311033007E-15));
#2241=DIRECTION('center_axis',(1.3263169893958E-15,-0.999994312569114,-0.00337265910313648));
#2242=DIRECTION('ref_axis',(-8.25665328454291E-15,0.00337265910313648,-0.999994312569114));
#2243=DIRECTION('center_axis',(8.25665328454291E-15,-0.00337265910313648,
0.999994312569114));
#2244=DIRECTION('ref_axis',(1.3263169893958E-15,-0.999994312569114,-0.00337265910313648));
#2245=DIRECTION('',(-1.,-1.35415632292114E-15,8.25213311033007E-15));
#2246=DIRECTION('center_axis',(-8.25665328454291E-15,0.00337265910313648,
-0.999994312569114));
#2247=DIRECTION('ref_axis',(-1.3263169893958E-15,0.999994312569114,0.00337265910313648));
#2248=DIRECTION('',(1.,1.35415632292114E-15,-8.25213311033007E-15));
#2249=DIRECTION('center_axis',(-1.3263169893958E-15,0.999994312569114,0.00337265910313648));
#2250=DIRECTION('ref_axis',(8.25665328454291E-15,-0.00337265910313648,0.999994312569114));
#2251=DIRECTION('center_axis',(-8.25665328454291E-15,0.00337265910313648,
-0.999994312569114));
#2252=DIRECTION('ref_axis',(-1.3263169893958E-15,0.999994312569114,0.00337265910313648));
#2253=DIRECTION('',(1.,1.35415632292114E-15,-8.25213311033007E-15));
#2254=DIRECTION('center_axis',(8.25665328454291E-15,-0.00337265910313648,
0.999994312569114));
#2255=DIRECTION('ref_axis',(1.3263169893958E-15,-0.999994312569114,-0.00337265910313648));
#2256=DIRECTION('',(-1.,-1.35415632292114E-15,8.25213311033007E-15));
#2257=DIRECTION('center_axis',(1.3263169893958E-15,-0.999994312569114,-0.00337265910313648));
#2258=DIRECTION('ref_axis',(-8.25665328454291E-15,0.00337265910313648,-0.999994312569114));
#2259=CARTESIAN_POINT('',(0.,0.,0.));
#2260=CARTESIAN_POINT('Origin',(-348.470160169927,700.080816423854,633.205071621104));
#2261=CARTESIAN_POINT('',(-343.470160169927,699.463063623105,633.991443973852));
#2262=CARTESIAN_POINT('',(-343.470160169927,699.629666733457,632.312623327445));
#2263=CARTESIAN_POINT('Origin',(-343.470160169927,700.080816423854,633.205071621104));
#2264=CARTESIAN_POINT('',(-353.470160169927,699.463063623105,633.991443973852));
#2265=CARTESIAN_POINT('',(-353.470160169927,699.463063623105,633.991443973853));
#2266=CARTESIAN_POINT('',(-353.470160169927,699.629666733456,632.312623327445));
#2267=CARTESIAN_POINT('Origin',(-353.470160169927,700.080816423854,633.205071621104));
#2268=CARTESIAN_POINT('',(-348.470160169927,699.629666733457,632.312623327445));
#2269=CARTESIAN_POINT('Origin',(-348.470160169927,704.171824466856,654.250614001696));
#2270=CARTESIAN_POINT('',(-348.470160169927,701.077071107533,652.490166441183));
#2271=CARTESIAN_POINT('Origin',(-348.470160169927,701.301549797951,654.240933488648));
#2272=CARTESIAN_POINT('',(-348.470160169927,708.177703870563,652.514114591113));
#2273=CARTESIAN_POINT('',(-348.470160169927,704.177726620286,652.5006239547));
#2274=CARTESIAN_POINT('Origin',(-348.470160169927,708.171801717132,654.264104638109));
#2275=CARTESIAN_POINT('Origin',(-348.470160169927,702.653944464534,649.06239825244));
#2276=CARTESIAN_POINT('',(-343.470160169927,700.670184190405,649.316750714171));
#2277=CARTESIAN_POINT('',(-343.470160169927,701.022354445795,647.905715923211));
#2278=CARTESIAN_POINT('Origin',(-343.470160169927,702.653944464534,649.06239825244));
#2279=CARTESIAN_POINT('',(-353.470160169927,700.670184190405,649.316750714171));
#2280=CARTESIAN_POINT('',(-343.470160169927,700.670184190405,649.316750714171));
#2281=CARTESIAN_POINT('',(-353.470160169927,701.022354445795,647.905715923211));
#2282=CARTESIAN_POINT('Origin',(-353.470160169927,702.653944464534,649.06239825244));
#2283=CARTESIAN_POINT('',(-343.470160169927,701.022354445795,647.905715923211));
#2284=CARTESIAN_POINT('Origin',(-353.470160169927,711.10770413188,673.274114554231));
#2285=CARTESIAN_POINT('',(-343.470160169927,712.707695031991,673.279510808796));
#2286=CARTESIAN_POINT('Origin',(-343.470160169927,711.10770413188,673.274114554231));
#2287=CARTESIAN_POINT('',(-353.470160169927,712.707695031991,673.279510808796));
#2288=CARTESIAN_POINT('',(-353.470160169927,712.707695031991,673.279510808796));
#2289=CARTESIAN_POINT('Origin',(-353.470160169927,711.10770413188,673.274114554231));
#2290=CARTESIAN_POINT('Origin',(-348.470160169927,714.104314410484,674.28422684411));
#2291=CARTESIAN_POINT('',(-343.470160169927,714.085764785417,679.78419556324));
#2292=CARTESIAN_POINT('',(-343.470160169927,714.088990224914,678.82785190259));
#2293=CARTESIAN_POINT('',(-343.470160169927,714.158276956134,658.284317843004));
#2294=CARTESIAN_POINT('',(-344.220160169927,714.088990224914,678.82785190259));
#2295=CARTESIAN_POINT('',(-343.470160169927,714.088990224914,678.82785190259));
#2296=CARTESIAN_POINT('',(-344.220160169927,714.085764785417,679.78419556324));
#2297=CARTESIAN_POINT('',(-344.220160169927,714.104314410484,674.28422684411));
#2298=CARTESIAN_POINT('',(-354.570160169927,714.085764785417,679.78419556324));
#2299=CARTESIAN_POINT('Origin',(-348.470160169927,714.104314410484,674.28422684411));
#2300=CARTESIAN_POINT('',(-345.970160169927,714.093037415838,677.627858727507));
#2301=CARTESIAN_POINT('',(-345.970160169927,714.09909670601,675.83127759542));
#2302=CARTESIAN_POINT('',(-345.970160169927,714.104314410484,674.28422684411));
#2303=CARTESIAN_POINT('',(-343.470160169927,714.093037415838,677.627858727507));
#2304=CARTESIAN_POINT('',(-343.470160169927,714.093037415838,677.627858727507));
#2305=CARTESIAN_POINT('',(-343.470160169927,714.112746058242,671.784241062687));
#2306=CARTESIAN_POINT('',(-343.470160169927,714.158276956134,658.284317843004));
#2307=CARTESIAN_POINT('',(-353.470160169927,714.112746058242,671.784241062687));
#2308=CARTESIAN_POINT('',(-353.470160169927,714.112746058242,671.784241062687));
#2309=CARTESIAN_POINT('',(-353.470160169927,714.093037415838,677.627858727508));
#2310=CARTESIAN_POINT('',(-353.470160169927,714.158276956134,658.284317843004));
#2311=CARTESIAN_POINT('',(-350.970160169927,714.093037415838,677.627858727508));
#2312=CARTESIAN_POINT('',(-350.970160169927,714.093037415838,677.627858727508));
#2313=CARTESIAN_POINT('',(-350.970160169927,714.09909670601,675.83127759542));
#2314=CARTESIAN_POINT('',(-350.970160169927,714.104314410484,674.28422684411));
#2315=CARTESIAN_POINT('',(-350.970160169927,714.09909670601,675.83127759542));
#2316=CARTESIAN_POINT('Origin',(-348.470160169927,714.104314410484,674.28422684411));
#2317=CARTESIAN_POINT('',(-344.220160169927,714.072274149004,683.784172813516));
#2318=CARTESIAN_POINT('',(-344.220160169927,714.069048709507,684.740516474166));
#2319=CARTESIAN_POINT('',(-344.220160169927,714.104314410484,674.28422684411));
#2320=CARTESIAN_POINT('',(-343.470160169927,714.069048709507,684.740516474166));
#2321=CARTESIAN_POINT('',(-343.470160169927,714.069048709507,684.740516474166));
#2322=CARTESIAN_POINT('',(-343.470160169927,714.072274149004,683.784172813516));
#2323=CARTESIAN_POINT('',(-343.470160169927,714.158276956134,658.284317843004));
#2324=CARTESIAN_POINT('',(-354.570160169927,714.072274149004,683.784172813516));
#2325=CARTESIAN_POINT('Origin',(-348.470160169927,714.104314410484,674.28422684411));
#2326=CARTESIAN_POINT('',(-343.470160169927,714.058277613726,687.934149210678));
#2327=CARTESIAN_POINT('',(-343.470160169927,714.065001518584,685.940509649249));
#2328=CARTESIAN_POINT('',(-343.470160169927,714.158276956134,658.284317843004));
#2329=CARTESIAN_POINT('',(-345.970160169927,714.065001518584,685.940509649249));
#2330=CARTESIAN_POINT('',(-343.470160169927,714.065001518584,685.940509649249));
#2331=CARTESIAN_POINT('',(-345.970160169927,714.058942228412,687.737090781336));
#2332=CARTESIAN_POINT('',(-345.970160169927,714.104314410484,674.28422684411));
#2333=CARTESIAN_POINT('',(-350.970160169927,714.058942228412,687.737090781336));
#2334=CARTESIAN_POINT('',(-350.970160169927,714.058942228412,687.737090781336));
#2335=CARTESIAN_POINT('',(-350.970160169927,714.065001518583,685.940509649249));
#2336=CARTESIAN_POINT('',(-350.970160169927,714.104314410484,674.28422684411));
#2337=CARTESIAN_POINT('',(-353.470160169927,714.065001518583,685.940509649249));
#2338=CARTESIAN_POINT('',(-350.970160169927,714.065001518583,685.940509649249));
#2339=CARTESIAN_POINT('',(-353.470160169927,714.058277613726,687.934149210678));
#2340=CARTESIAN_POINT('',(-353.470160169927,714.158276956134,658.284317843004));
#2341=CARTESIAN_POINT('',(-343.470160169927,714.058277613726,687.934149210678));
#2342=CARTESIAN_POINT('Origin',(-348.470160169927,714.104314410484,674.28422684411));
#2343=CARTESIAN_POINT('',(-352.720160169927,714.085764785417,679.78419556324));
#2344=CARTESIAN_POINT('',(-352.720160169927,714.088990224914,678.82785190259));
#2345=CARTESIAN_POINT('',(-352.720160169927,714.104314410484,674.28422684411));
#2346=CARTESIAN_POINT('',(-353.470160169927,714.088990224914,678.82785190259));
#2347=CARTESIAN_POINT('',(-350.970160169927,714.088990224914,678.82785190259));
#2348=CARTESIAN_POINT('',(-353.470160169927,714.085764785417,679.78419556324));
#2349=CARTESIAN_POINT('',(-353.470160169927,714.158276956134,658.284317843004));
#2350=CARTESIAN_POINT('',(-354.570160169927,714.085764785417,679.78419556324));
#2351=CARTESIAN_POINT('Origin',(-348.470160169927,714.104314410484,674.28422684411));
#2352=CARTESIAN_POINT('',(-353.470160169927,714.072274149004,683.784172813516));
#2353=CARTESIAN_POINT('',(-353.470160169927,714.069048709507,684.740516474166));
#2354=CARTESIAN_POINT('',(-353.470160169927,714.158276956134,658.284317843004));
#2355=CARTESIAN_POINT('',(-352.720160169927,714.069048709507,684.740516474166));
#2356=CARTESIAN_POINT('',(-350.970160169927,714.069048709507,684.740516474166));
#2357=CARTESIAN_POINT('',(-352.720160169927,714.072274149004,683.784172813516));
#2358=CARTESIAN_POINT('',(-352.720160169927,714.104314410484,674.28422684411));
#2359=CARTESIAN_POINT('',(-354.570160169927,714.072274149004,683.784172813516));
#2360=CARTESIAN_POINT('Origin',(-354.570160169927,713.329023732784,681.781654694051));
#2361=CARTESIAN_POINT('',(-352.720160169927,711.419132585415,682.375216658129));
#2362=CARTESIAN_POINT('',(-352.720160169927,713.322278414578,683.781643319189));
#2363=CARTESIAN_POINT('Origin',(-352.720160169927,713.329023732784,681.781654694051));
#2364=CARTESIAN_POINT('',(-353.470160169927,711.419132585415,682.375216658129));
#2365=CARTESIAN_POINT('',(-355.470160169927,711.419132585415,682.375216658129));
#2366=CARTESIAN_POINT('',(-353.470160169927,713.322278414578,683.781643319189));
#2367=CARTESIAN_POINT('Origin',(-353.470160169927,713.329023732784,681.781654694051));
#2368=CARTESIAN_POINT('',(-354.570160169927,713.322278414578,683.781643319189));
#2369=CARTESIAN_POINT('Origin',(-354.570160169927,713.329023732784,681.781654694051));
#2370=CARTESIAN_POINT('',(-343.470160169927,713.322278414578,683.781643319189));
#2371=CARTESIAN_POINT('',(-343.470160169927,711.419132585415,682.375216658129));
#2372=CARTESIAN_POINT('Origin',(-343.470160169927,713.329023732784,681.781654694051));
#2373=CARTESIAN_POINT('',(-344.220160169927,711.419132585415,682.375216658129));
#2374=CARTESIAN_POINT('',(-355.470160169927,711.419132585415,682.375216658129));
#2375=CARTESIAN_POINT('',(-344.220160169927,713.322278414578,683.781643319189));
#2376=CARTESIAN_POINT('Origin',(-344.220160169927,713.329023732784,681.781654694051));
#2377=CARTESIAN_POINT('',(-354.570160169927,713.322278414578,683.781643319189));
#2378=CARTESIAN_POINT('Origin',(-344.220160169927,713.329023732784,681.781654694051));
#2379=CARTESIAN_POINT('',(-344.220160169927,710.336615834162,682.371565677389));
#2380=CARTESIAN_POINT('Origin',(-344.220160169927,713.329023732784,681.781654694051));
#2381=CARTESIAN_POINT('',(-345.970160169927,710.336615834162,682.371565677389));
#2382=CARTESIAN_POINT('',(-344.220160169927,710.336615834162,682.371565677389));
#2383=CARTESIAN_POINT('',(-345.970160169927,714.069048709507,684.740516474166));
#2384=CARTESIAN_POINT('Origin',(-345.970160169927,713.329023732784,681.781654694051));
#2385=CARTESIAN_POINT('',(-344.220160169927,714.069048709507,684.740516474166));
#2386=CARTESIAN_POINT('Origin',(-344.220160169927,713.329023732784,681.781654694051));
#2387=CARTESIAN_POINT('',(-344.220160169927,713.327000137322,682.381651281592));
#2388=CARTESIAN_POINT('',(-344.220160169927,713.322278414578,683.781643319189));
#2389=CARTESIAN_POINT('Origin',(-352.720160169927,713.329023732784,681.781654694051));
#2390=CARTESIAN_POINT('',(-350.970160169927,714.069048709507,684.740516474166));
#2391=CARTESIAN_POINT('',(-350.970160169927,710.336615834162,682.371565677389));
#2392=CARTESIAN_POINT('Origin',(-350.970160169927,713.329023732784,681.781654694051));
#2393=CARTESIAN_POINT('',(-352.720160169927,710.336615834162,682.371565677389));
#2394=CARTESIAN_POINT('',(-352.720160169927,710.336615834162,682.371565677389));
#2395=CARTESIAN_POINT('Origin',(-352.720160169927,713.329023732784,681.781654694051));
#2396=CARTESIAN_POINT('',(-352.720160169927,714.069048709507,684.740516474166));
#2397=CARTESIAN_POINT('Origin',(-352.720160169927,713.329023732784,681.781654694051));
#2398=CARTESIAN_POINT('',(-352.720160169927,713.327000137322,682.381651281592));
#2399=CARTESIAN_POINT('',(-352.720160169927,713.322278414578,683.781643319189));
#2400=CARTESIAN_POINT('Origin',(-406.36602086144,704.829072075946,681.752987091675));
#2401=CARTESIAN_POINT('',(-343.470160169927,703.032185006452,667.738602637494));
#2402=CARTESIAN_POINT('',(-343.470160169927,704.829072075946,681.752987091674));
#2403=CARTESIAN_POINT('',(-353.470160169927,703.032185006452,667.738602637494));
#2404=CARTESIAN_POINT('',(-353.470160169927,703.032185006452,667.738602637494));
#2405=CARTESIAN_POINT('',(-353.470160169927,704.829072075946,681.752987091674));
#2406=CARTESIAN_POINT('Origin',(-354.570160169927,713.329023732784,681.781654694051));
#2407=CARTESIAN_POINT('',(-353.470160169927,711.423179776339,681.175223483046));
#2408=CARTESIAN_POINT('',(-353.470160169927,713.33576905099,679.781666068913));
#2409=CARTESIAN_POINT('Origin',(-353.470160169927,713.329023732784,681.781654694051));
#2410=CARTESIAN_POINT('',(-352.720160169927,711.423179776339,681.175223483046));
#2411=CARTESIAN_POINT('',(-355.470160169927,711.423179776339,681.175223483046));
#2412=CARTESIAN_POINT('',(-352.720160169927,713.33576905099,679.781666068913));
#2413=CARTESIAN_POINT('Origin',(-352.720160169927,713.329023732784,681.781654694051));
#2414=CARTESIAN_POINT('',(-354.570160169927,713.33576905099,679.781666068913));
#2415=CARTESIAN_POINT('Origin',(-354.570160169927,713.322278414578,683.781643319189));
#2416=CARTESIAN_POINT('',(-353.470160169927,714.072274149004,683.784172813516));
#2417=CARTESIAN_POINT('Origin',(-354.570160169927,713.33576905099,679.781666068913));
#2418=CARTESIAN_POINT('',(-352.720160169927,713.33576905099,679.781666068913));
#2419=CARTESIAN_POINT('',(-353.470160169927,714.085764785417,679.78419556324));
#2420=CARTESIAN_POINT('Origin',(-354.570160169927,713.33576905099,679.781666068913));
#2421=CARTESIAN_POINT('',(-344.220160169927,713.33576905099,679.781666068913));
#2422=CARTESIAN_POINT('',(-344.220160169927,713.33576905099,679.781666068913));
#2423=CARTESIAN_POINT('',(-343.470160169927,713.33576905099,679.781666068913));
#2424=CARTESIAN_POINT('',(-354.570160169927,713.33576905099,679.781666068913));
#2425=CARTESIAN_POINT('',(-343.470160169927,713.33576905099,679.781666068913));
#2426=CARTESIAN_POINT('Origin',(-354.570160169927,713.322278414578,683.781643319189));
#2427=CARTESIAN_POINT('',(-343.470160169927,713.322278414578,683.781643319189));
#2428=CARTESIAN_POINT('Origin',(-354.570160169927,713.329023732784,681.781654694051));
#2429=CARTESIAN_POINT('',(-344.220160169927,711.423179776339,681.175223483046));
#2430=CARTESIAN_POINT('Origin',(-344.220160169927,713.329023732784,681.781654694051));
#2431=CARTESIAN_POINT('',(-343.470160169927,711.423179776339,681.175223483046));
#2432=CARTESIAN_POINT('',(-355.470160169927,711.423179776339,681.175223483046));
#2433=CARTESIAN_POINT('Origin',(-343.470160169927,713.329023732784,681.781654694051));
#2434=CARTESIAN_POINT('Origin',(-329.71107226411,694.842969716492,682.499851677286));
#2435=CARTESIAN_POINT('',(-349.970160169927,704.761771087136,681.228089368634));
#2436=CARTESIAN_POINT('',(-353.470160169927,704.761771087136,681.228089368634));
#2437=CARTESIAN_POINT('',(-353.470160169927,704.761771087136,681.228089368634));
#2438=CARTESIAN_POINT('',(-349.970160169927,704.83543134692,682.111637091754));
#2439=CARTESIAN_POINT('Origin',(-349.970160169927,694.842969716492,682.499851677286));
#2440=CARTESIAN_POINT('',(-353.470160169927,704.83543134692,682.111637091754));
#2441=CARTESIAN_POINT('',(-329.71107226411,704.83543134692,682.111637091753));
#2442=CARTESIAN_POINT('Origin',(-353.470160169927,694.842969716492,682.499851677286));
#2443=CARTESIAN_POINT('Origin',(-406.36602086144,704.829072075946,681.752987091675));
#2444=CARTESIAN_POINT('',(-353.470160169927,704.445987288287,678.765210294815));
#2445=CARTESIAN_POINT('',(-353.470160169927,704.829072075946,681.752987091674));
#2446=CARTESIAN_POINT('',(-343.470160169927,704.445987288287,678.765210294815));
#2447=CARTESIAN_POINT('',(-343.470160169927,704.445987288287,678.765210294815));
#2448=CARTESIAN_POINT('',(-343.470160169927,704.761771087136,681.228089368634));
#2449=CARTESIAN_POINT('',(-343.470160169927,704.829072075946,681.752987091674));
#2450=CARTESIAN_POINT('',(-346.970160169927,704.761771087136,681.228089368634));
#2451=CARTESIAN_POINT('',(-353.470160169927,704.761771087136,681.228089368634));
#2452=CARTESIAN_POINT('',(-346.970160169927,704.572525001183,679.752110466));
#2453=CARTESIAN_POINT('',(-346.970160169927,704.829072075946,681.752987091674));
#2454=CARTESIAN_POINT('',(-347.470160169927,704.508388232492,679.251891309581));
#2455=CARTESIAN_POINT('Origin',(-347.470160169927,704.572525001183,679.752110466));
#2456=CARTESIAN_POINT('',(-349.470160169927,704.508388232492,679.251891309581));
#2457=CARTESIAN_POINT('',(-406.36602086144,704.508388232492,679.251891309581));
#2458=CARTESIAN_POINT('',(-349.970160169927,704.572525001183,679.752110466));
#2459=CARTESIAN_POINT('Origin',(-349.470160169927,704.572525001183,679.752110466));
#2460=CARTESIAN_POINT('',(-349.970160169927,704.829072075946,681.752987091674));
#2461=CARTESIAN_POINT('Origin',(-353.470160169927,714.158276956134,658.284317843004));
#2462=CARTESIAN_POINT('',(-353.470160169927,708.222773552783,639.150941939614));
#2463=CARTESIAN_POINT('',(-353.470160169927,708.134702466998,665.264042076369));
#2464=CARTESIAN_POINT('',(-353.470160169927,708.131329807895,666.264036388938));
#2465=CARTESIAN_POINT('',(-353.470160169927,705.737391813669,634.812407900232));
#2466=CARTESIAN_POINT('Origin',(-353.470160169927,703.222801989938,639.134078644098));
#2467=CARTESIAN_POINT('',(-353.470160169927,701.537802043743,632.368851617217));
#2468=CARTESIAN_POINT('',(-353.470160169927,698.252038511708,630.457010565335));
#2469=CARTESIAN_POINT('Origin',(-353.470160169927,700.531966114251,634.097519914763));
#2470=CARTESIAN_POINT('Ctrl Pts',(-353.470160169927,701.022354445849,647.905715923135));
#2471=CARTESIAN_POINT('Ctrl Pts',(-353.470160169927,702.402859198852,645.958407038927));
#2472=CARTESIAN_POINT('Ctrl Pts',(-353.470160169927,701.853667996088,643.639877288667));
#2473=CARTESIAN_POINT('Ctrl Pts',(-353.470160169927,701.653934553829,641.263063734129));
#2474=CARTESIAN_POINT('Ctrl Pts',(-353.470160169927,701.424064495432,638.527626621549));
#2475=CARTESIAN_POINT('Ctrl Pts',(-353.470160169927,701.657063258614,635.714990605833));
#2476=CARTESIAN_POINT('Ctrl Pts',(-353.470160169927,699.463063623642,633.991443974274));
#2477=CARTESIAN_POINT('',(-353.470160169927,703.708034084576,668.997316037967));
#2478=CARTESIAN_POINT('Origin',(-353.470160169927,705.015945280581,667.484250175763));
#2479=CARTESIAN_POINT('',(-353.470160169927,705.918455320083,670.908029083594));
#2480=CARTESIAN_POINT('',(-353.470160169927,706.61363187875,671.508947541271));
#2481=CARTESIAN_POINT('',(-353.470160169927,706.610532749217,672.427840264004));
#2482=CARTESIAN_POINT('Origin',(-353.470160169927,704.610544124079,672.421094945798));
#2483=CARTESIAN_POINT('',(-353.470160169927,706.604772942742,674.135624401165));
#2484=CARTESIAN_POINT('',(-353.470160169927,706.602670736664,674.758929057121));
#2485=CARTESIAN_POINT('',(-353.470160169927,706.246824539014,675.270677625291));
#2486=CARTESIAN_POINT('Origin',(-353.470160169927,704.604784317604,674.128879082959));
#2487=CARTESIAN_POINT('',(-353.470160169927,704.787707341006,677.369059290752));
#2488=CARTESIAN_POINT('',(-353.470160169927,704.348046310765,678.001343418534));
#2489=CARTESIAN_POINT('Origin',(-353.470160169927,706.429747562416,678.510857833085));
#2490=CARTESIAN_POINT('',(-353.470160169927,705.715731120597,685.561572100716));
#2491=CARTESIAN_POINT('Origin',(-353.470160169927,713.329023732784,681.781654694051));
#2492=CARTESIAN_POINT('',(-353.470160169927,707.501055432049,689.15746982239));
#2493=CARTESIAN_POINT('',(-353.470160169927,708.05038598942,690.263899890597));
#2494=CARTESIAN_POINT('',(-353.470160169927,709.285673081416,690.268066116548));
#2495=CARTESIAN_POINT('Origin',(-353.470160169927,709.292418399623,688.268077491409));
#2496=CARTESIAN_POINT('',(-353.470160169927,713.050357552265,690.280763186113));
#2497=CARTESIAN_POINT('',(-353.470160169927,714.050351864834,690.284135845216));
#2498=CARTESIAN_POINT('',(-353.470160169927,713.057102870471,688.280774560974));
#2499=CARTESIAN_POINT('',(-353.470160169927,713.057102870471,688.280774560974));
#2500=CARTESIAN_POINT('',(-353.470160169927,713.707099173641,688.282966789391));
#2501=CARTESIAN_POINT('',(-353.470160169927,714.05709718304,688.284147220077));
#2502=CARTESIAN_POINT('',(-353.470160169927,714.058277613726,687.934149210678));
#2503=CARTESIAN_POINT('',(-353.470160169927,714.564998674868,685.9421959788));
#2504=CARTESIAN_POINT('',(-353.470160169927,714.564998674868,685.9421959788));
#2505=CARTESIAN_POINT('',(-353.470160169927,714.569045865792,684.742202803718));
#2506=CARTESIAN_POINT('',(-353.470160169927,714.569045865792,684.742202803718));
#2507=CARTESIAN_POINT('',(-353.470160169927,714.569045865792,684.742202803718));
#2508=CARTESIAN_POINT('',(-353.470160169927,709.419143960277,682.368471339923));
#2509=CARTESIAN_POINT('',(-353.470160169927,714.076995871749,682.38418077592));
#2510=CARTESIAN_POINT('',(-353.470160169927,709.4231911512,681.16847816484));
#2511=CARTESIAN_POINT('',(-353.470160169927,709.500425044662,658.268608407007));
#2512=CARTESIAN_POINT('',(-353.470160169927,714.081043062673,681.184187600837));
#2513=CARTESIAN_POINT('',(-353.470160169927,714.588987381199,678.829538232142));
#2514=CARTESIAN_POINT('',(-353.470160169927,714.588987381199,678.829538232142));
#2515=CARTESIAN_POINT('',(-353.470160169927,714.593034572123,677.629545057059));
#2516=CARTESIAN_POINT('',(-353.470160169927,714.588987381199,678.829538232142));
#2517=CARTESIAN_POINT('',(-353.470160169927,714.593034572123,677.629545057059));
#2518=CARTESIAN_POINT('',(-353.470160169927,713.318146862752,670.181552035294));
#2519=CARTESIAN_POINT('Origin',(-353.470160169927,712.112757433104,671.777495744481));
#2520=CARTESIAN_POINT('',(-353.470160169927,708.929301662488,666.866731103762));
#2521=CARTESIAN_POINT('',(-353.470160169927,708.131329807895,666.264036388938));
#2522=CARTESIAN_POINT('Origin',(-353.470160169927,710.134691092136,665.270787394575));
#2523=CARTESIAN_POINT('Origin',(-343.470160169927,714.050351864834,690.284135845216));
#2524=CARTESIAN_POINT('',(-343.470160169927,713.050357552265,690.280763186112));
#2525=CARTESIAN_POINT('',(-343.470160169927,709.285673081416,690.268066116548));
#2526=CARTESIAN_POINT('',(-343.470160169927,714.050351864834,690.284135845216));
#2527=CARTESIAN_POINT('',(-353.470160169927,713.050357552265,690.280763186113));
#2528=CARTESIAN_POINT('',(-343.470160169927,709.285673081416,690.268066116548));
#2529=CARTESIAN_POINT('Origin',(-343.470160169927,714.158276956134,658.284317843004));
#2530=CARTESIAN_POINT('',(-343.470160169927,701.537802043743,632.368851617216));
#2531=CARTESIAN_POINT('',(-343.470160169927,705.737391813669,634.812407900232));
#2532=CARTESIAN_POINT('',(-343.470160169927,698.252038511709,630.457010565335));
#2533=CARTESIAN_POINT('',(-343.470160169927,708.222773552783,639.150941939614));
#2534=CARTESIAN_POINT('Origin',(-343.470160169927,703.222801989938,639.134078644098));
#2535=CARTESIAN_POINT('',(-343.470160169927,708.134702466998,665.264042076369));
#2536=CARTESIAN_POINT('',(-343.470160169927,708.15831108072,658.264081888385));
#2537=CARTESIAN_POINT('',(-343.470160169927,708.929301662488,666.866731103762));
#2538=CARTESIAN_POINT('Origin',(-343.470160169927,710.134691092136,665.270787394575));
#2539=CARTESIAN_POINT('',(-343.470160169927,713.318146862752,670.181552035294));
#2540=CARTESIAN_POINT('',(-343.470160169927,708.131329807895,666.264036388938));
#2541=CARTESIAN_POINT('Origin',(-343.470160169927,712.112757433104,671.777495744481));
#2542=CARTESIAN_POINT('',(-343.470160169927,714.593034572123,677.629545057059));
#2543=CARTESIAN_POINT('',(-343.470160169927,714.593034572123,677.629545057059));
#2544=CARTESIAN_POINT('',(-343.470160169927,714.588987381199,678.829538232142));
#2545=CARTESIAN_POINT('',(-343.470160169927,714.588987381199,678.829538232142));
#2546=CARTESIAN_POINT('',(-343.470160169927,714.588987381199,678.829538232142));
#2547=CARTESIAN_POINT('',(-343.470160169927,709.4231911512,681.16847816484));
#2548=CARTESIAN_POINT('',(-343.470160169927,711.423179776339,681.175223483046));
#2549=CARTESIAN_POINT('',(-343.470160169927,709.419143960277,682.368471339923));
#2550=CARTESIAN_POINT('',(-343.470160169927,709.419143960277,682.368471339923));
#2551=CARTESIAN_POINT('',(-343.470160169927,711.419132585415,682.375216658129));
#2552=CARTESIAN_POINT('',(-343.470160169927,714.569045865792,684.742202803717));
#2553=CARTESIAN_POINT('',(-343.470160169927,714.569045865792,684.742202803717));
#2554=CARTESIAN_POINT('',(-343.470160169927,714.564998674868,685.9421959788));
#2555=CARTESIAN_POINT('',(-343.470160169927,714.569045865792,684.742202803717));
#2556=CARTESIAN_POINT('',(-343.470160169927,714.564998674868,685.9421959788));
#2557=CARTESIAN_POINT('',(-343.470160169927,713.707099173641,688.282966789391));
#2558=CARTESIAN_POINT('',(-343.470160169927,714.058277613726,687.934149210678));
#2559=CARTESIAN_POINT('',(-343.470160169927,713.057102870471,688.280774560974));
#2560=CARTESIAN_POINT('',(-343.470160169927,714.05709718304,688.284147220077));
#2561=CARTESIAN_POINT('',(-343.470160169927,713.057102870471,688.280774560974));
#2562=CARTESIAN_POINT('',(-343.470160169927,707.501055432049,689.15746982239));
#2563=CARTESIAN_POINT('Origin',(-343.470160169927,709.292418399623,688.268077491409));
#2564=CARTESIAN_POINT('',(-343.470160169927,705.715731120597,685.561572100716));
#2565=CARTESIAN_POINT('',(-343.470160169927,708.05038598942,690.263899890597));
#2566=CARTESIAN_POINT('',(-343.470160169927,704.83543134692,682.111637091754));
#2567=CARTESIAN_POINT('Origin',(-343.470160169927,713.329023732784,681.781654694051));
#2568=CARTESIAN_POINT('Origin',(-343.470160169927,694.842969716492,682.499851677286));
#2569=CARTESIAN_POINT('',(-343.470160169927,704.787707341006,677.369059290752));
#2570=CARTESIAN_POINT('Origin',(-343.470160169927,706.429747562416,678.510857833085));
#2571=CARTESIAN_POINT('',(-343.470160169927,706.246824539014,675.270677625291));
#2572=CARTESIAN_POINT('',(-343.470160169927,704.348046310765,678.001343418534));
#2573=CARTESIAN_POINT('',(-343.470160169927,706.604772942742,674.135624401165));
#2574=CARTESIAN_POINT('Origin',(-343.470160169927,704.604784317604,674.128879082959));
#2575=CARTESIAN_POINT('',(-343.470160169927,706.610532749217,672.427840264004));
#2576=CARTESIAN_POINT('',(-343.470160169927,706.602670736664,674.758929057121));
#2577=CARTESIAN_POINT('',(-343.470160169927,705.918455320083,670.908029083594));
#2578=CARTESIAN_POINT('Origin',(-343.470160169927,704.610544124079,672.421094945798));
#2579=CARTESIAN_POINT('',(-343.470160169927,703.708034084576,668.997316037967));
#2580=CARTESIAN_POINT('',(-343.470160169927,706.61363187875,671.508947541271));
#2581=CARTESIAN_POINT('Origin',(-343.470160169927,705.015945280581,667.484250175763));
#2582=CARTESIAN_POINT('Ctrl Pts',(-343.470160169927,701.022354445849,647.905715923135));
#2583=CARTESIAN_POINT('Ctrl Pts',(-343.470160169927,702.402859198852,645.958407038927));
#2584=CARTESIAN_POINT('Ctrl Pts',(-343.470160169927,701.853667996088,643.639877288667));
#2585=CARTESIAN_POINT('Ctrl Pts',(-343.470160169927,701.653934553829,641.263063734129));
#2586=CARTESIAN_POINT('Ctrl Pts',(-343.470160169927,701.424064495432,638.527626621548));
#2587=CARTESIAN_POINT('Ctrl Pts',(-343.470160169927,701.657063258614,635.714990605833));
#2588=CARTESIAN_POINT('Ctrl Pts',(-343.470160169927,699.463063623642,633.991443974274));
#2589=CARTESIAN_POINT('Origin',(-343.470160169927,700.531966114251,634.097519914763));
#2590=CARTESIAN_POINT('Origin',(-329.71107226411,713.329023732784,681.781654694051));
#2591=CARTESIAN_POINT('',(-349.970160169927,705.060969579539,683.753780582275));
#2592=CARTESIAN_POINT('Origin',(-349.970160169927,713.329023732784,681.781654694051));
#2593=CARTESIAN_POINT('',(-349.470160169927,705.196599885297,684.254240863394));
#2594=CARTESIAN_POINT('Ctrl Pts',(-349.970160169927,705.060969579539,683.753780582275));
#2595=CARTESIAN_POINT('Ctrl Pts',(-349.970160169927,705.075930834294,683.816505008364));
#2596=CARTESIAN_POINT('Ctrl Pts',(-349.957680114472,705.092705110463,683.883347650988));
#2597=CARTESIAN_POINT('Ctrl Pts',(-349.906796721958,705.125129270775,684.006553206372));
#2598=CARTESIAN_POINT('Ctrl Pts',(-349.868392639113,705.14074158162,684.062925696286));
#2599=CARTESIAN_POINT('Ctrl Pts',(-349.779820056406,705.165965335957,684.151583854355));
#2600=CARTESIAN_POINT('Ctrl Pts',(-349.723959860258,705.177331616514,684.19010510754));
#2601=CARTESIAN_POINT('Ctrl Pts',(-349.60081230281,705.192675709309,684.241443018138));
#2602=CARTESIAN_POINT('Ctrl Pts',(-349.533510423024,705.196599885297,684.254240863394));
#2603=CARTESIAN_POINT('Ctrl Pts',(-349.470160169927,705.196599885297,684.254240863394));
#2604=CARTESIAN_POINT('',(-347.470160169927,705.196599885297,684.254240863394));
#2605=CARTESIAN_POINT('',(-329.71107226411,705.196599885297,684.254240863394));
#2606=CARTESIAN_POINT('',(-346.970160169927,705.060969579539,683.753780582275));
#2607=CARTESIAN_POINT('Ctrl Pts',(-347.470160169927,705.196599885297,684.254240863394));
#2608=CARTESIAN_POINT('Ctrl Pts',(-347.407411882929,705.196599885297,684.254240863394));
#2609=CARTESIAN_POINT('Ctrl Pts',(-347.340703576697,705.192749695569,684.241682754537));
#2610=CARTESIAN_POINT('Ctrl Pts',(-347.218453853544,705.17766543494,684.191229586368));
#2611=CARTESIAN_POINT('Ctrl Pts',(-347.162898267279,705.166483368321,684.153353327994));
#2612=CARTESIAN_POINT('Ctrl Pts',(-347.07368361546,705.141403290105,684.065301845454));
#2613=CARTESIAN_POINT('Ctrl Pts',(-347.034633085932,705.125685455604,684.008616408949));
#2614=CARTESIAN_POINT('Ctrl Pts',(-346.982871660351,705.092999510077,683.884515215379));
#2615=CARTESIAN_POINT('Ctrl Pts',(-346.970160169927,705.076070244175,683.817089478378));
#2616=CARTESIAN_POINT('Ctrl Pts',(-346.970160169927,705.060969579539,683.753780582275));
#2617=CARTESIAN_POINT('',(-346.970160169927,704.83543134692,682.111637091754));
#2618=CARTESIAN_POINT('Origin',(-346.970160169927,713.329023732784,681.781654694051));
#2619=CARTESIAN_POINT('',(-329.71107226411,704.83543134692,682.111637091753));
#2620=CARTESIAN_POINT('',(-406.366020861439,705.715731120597,685.561572100717));
#2621=CARTESIAN_POINT('Origin',(-350.970160169927,713.329023732784,681.781654694051));
#2622=CARTESIAN_POINT('Origin',(-345.970160169927,713.329023732784,681.781654694051));
#2623=CARTESIAN_POINT('Origin',(-350.970160169927,713.329023732784,681.781654694051));
#2624=CARTESIAN_POINT('',(-349.470160169927,707.883130344497,679.26327322902));
#2625=CARTESIAN_POINT('',(-347.470160169927,707.883130344497,679.26327322902));
#2626=CARTESIAN_POINT('',(-350.970160169927,707.883130344497,679.26327322902));
#2627=CARTESIAN_POINT('',(-346.970160169927,707.678946974465,679.762587427933));
#2628=CARTESIAN_POINT('Ctrl Pts',(-347.470160169927,707.883130344497,679.263273229019));
#2629=CARTESIAN_POINT('Ctrl Pts',(-347.406134156525,707.883130344497,679.263273229019));
#2630=CARTESIAN_POINT('Ctrl Pts',(-347.338462275286,707.877044442881,679.276316150661));
#2631=CARTESIAN_POINT('Ctrl Pts',(-347.2153893345,707.85367556048,679.327808371586));
#2632=CARTESIAN_POINT('Ctrl Pts',(-347.15995230549,707.836493880043,679.366217608862));
#2633=CARTESIAN_POINT('Ctrl Pts',(-347.071652019033,707.798541897874,679.454390397698));
#2634=CARTESIAN_POINT('Ctrl Pts',(-347.033335841003,707.77500456214,679.510700245993));
#2635=CARTESIAN_POINT('Ctrl Pts',(-346.982588087189,707.726355279707,679.63352312046));
#2636=CARTESIAN_POINT('Ctrl Pts',(-346.970160169927,707.701292337045,679.700057062607));
#2637=CARTESIAN_POINT('Ctrl Pts',(-346.970160169927,707.678946974465,679.762587427933));
#2638=CARTESIAN_POINT('',(-346.970160169927,707.665456338053,683.762564678209));
#2639=CARTESIAN_POINT('Origin',(-346.970160169927,713.329023732784,681.781654694051));
#2640=CARTESIAN_POINT('',(-347.470160169927,707.866267048981,684.263244791865));
#2641=CARTESIAN_POINT('Ctrl Pts',(-346.970160169927,707.665456338053,683.762564678209));
#2642=CARTESIAN_POINT('Ctrl Pts',(-346.970160169927,707.68737940747,683.825244346714));
#2643=CARTESIAN_POINT('Ctrl Pts',(-346.982588087189,707.7119929899,683.891945831798));
#2644=CARTESIAN_POINT('Ctrl Pts',(-347.033335841003,707.759812690919,684.015094065112));
#2645=CARTESIAN_POINT('Ctrl Pts',(-347.071652019033,707.782969665502,684.071561398293));
#2646=CARTESIAN_POINT('Ctrl Pts',(-347.15995230549,707.820326034141,684.159988177968));
#2647=CARTESIAN_POINT('Ctrl Pts',(-347.2153893345,707.837248242647,684.19851243669));
#2648=CARTESIAN_POINT('Ctrl Pts',(-347.338462275286,707.860269263974,684.250161115836));
#2649=CARTESIAN_POINT('Ctrl Pts',(-347.406134156525,707.866267048981,684.263244791865));
#2650=CARTESIAN_POINT('Ctrl Pts',(-347.470160169927,707.866267048981,684.263244791865));
#2651=CARTESIAN_POINT('',(-349.470160169927,707.866267048981,684.263244791865));
#2652=CARTESIAN_POINT('',(-350.970160169927,707.866267048981,684.263244791865));
#2653=CARTESIAN_POINT('',(-349.970160169927,707.665456338053,683.762564678209));
#2654=CARTESIAN_POINT('Ctrl Pts',(-349.470160169927,707.866267048981,684.263244791865));
#2655=CARTESIAN_POINT('Ctrl Pts',(-349.532899848281,707.866267048981,684.263244791865));
#2656=CARTESIAN_POINT('Ctrl Pts',(-349.599323001994,707.860506544439,684.250675349056));
#2657=CARTESIAN_POINT('Ctrl Pts',(-349.720526542092,707.838295811164,684.200879800024));
#2658=CARTESIAN_POINT('Ctrl Pts',(-349.775341102674,707.821940839903,684.163694445855));
#2659=CARTESIAN_POINT('Ctrl Pts',(-349.8650169572,707.785005403042,684.076491534206));
#2660=CARTESIAN_POINT('Ctrl Pts',(-349.904679586372,707.761516024878,684.019366879625));
#2661=CARTESIAN_POINT('Ctrl Pts',(-349.95725362065,707.712888224306,683.894359087224));
#2662=CARTESIAN_POINT('Ctrl Pts',(-349.970160169927,707.687802319871,683.826453484385));
#2663=CARTESIAN_POINT('Ctrl Pts',(-349.970160169927,707.665456338053,683.762564678209));
#2664=CARTESIAN_POINT('',(-349.970160169927,707.678946974465,679.762587427933));
#2665=CARTESIAN_POINT('Origin',(-349.970160169927,713.329023732784,681.781654694051));
#2666=CARTESIAN_POINT('Ctrl Pts',(-349.970160169927,707.678946974465,679.762587427933));
#2667=CARTESIAN_POINT('Ctrl Pts',(-349.970160169927,707.701723395796,679.698850805107));
#2668=CARTESIAN_POINT('Ctrl Pts',(-349.95725362065,707.72726677183,679.631115958542));
#2669=CARTESIAN_POINT('Ctrl Pts',(-349.904679586372,707.776736678678,679.506439018149));
#2670=CARTESIAN_POINT('Ctrl Pts',(-349.8650169572,707.800610844247,679.449474105563));
#2671=CARTESIAN_POINT('Ctrl Pts',(-349.775341102674,707.838133648883,679.362522317608));
#2672=CARTESIAN_POINT('Ctrl Pts',(-349.720526542092,707.854739073694,679.325448128252));
#2673=CARTESIAN_POINT('Ctrl Pts',(-349.599323001994,707.877285186595,679.275803529663));
#2674=CARTESIAN_POINT('Ctrl Pts',(-349.532899848281,707.883130344497,679.26327322902));
#2675=CARTESIAN_POINT('Ctrl Pts',(-349.470160169927,707.883130344497,679.26327322902));
#2676=CARTESIAN_POINT('Origin',(-350.970160169927,713.329023732784,681.781654694051));
#2677=CARTESIAN_POINT('',(-350.970160169927,709.419143960277,682.368471339923));
#2678=CARTESIAN_POINT('',(-350.970160169927,713.327000137322,682.381651281592));
#2679=CARTESIAN_POINT('',(-350.970160169927,714.569045865792,684.742202803717));
#2680=CARTESIAN_POINT('',(-350.970160169927,714.569045865792,684.742202803717));
#2681=CARTESIAN_POINT('',(-350.970160169927,714.564998674868,685.9421959788));
#2682=CARTESIAN_POINT('',(-350.970160169927,714.569045865792,684.742202803717));
#2683=CARTESIAN_POINT('',(-350.970160169927,714.564998674868,685.9421959788));
#2684=CARTESIAN_POINT('',(-350.970160169927,714.593034572123,677.629545057059));
#2685=CARTESIAN_POINT('',(-350.970160169927,714.593034572123,677.629545057059));
#2686=CARTESIAN_POINT('',(-350.970160169927,714.588987381199,678.829538232142));
#2687=CARTESIAN_POINT('',(-350.970160169927,714.588987381199,678.829538232142));
#2688=CARTESIAN_POINT('',(-350.970160169927,714.088990224914,678.82785190259));
#2689=CARTESIAN_POINT('',(-350.970160169927,714.588987381199,678.829538232142));
#2690=CARTESIAN_POINT('',(-350.970160169927,710.340663025086,681.171572502306));
#2691=CARTESIAN_POINT('Origin',(-350.970160169927,713.329023732784,681.781654694051));
#2692=CARTESIAN_POINT('',(-350.970160169927,709.4231911512,681.16847816484));
#2693=CARTESIAN_POINT('',(-350.970160169927,713.331047328246,681.181658106509));
#2694=CARTESIAN_POINT('',(-350.970160169927,709.421167555738,681.768474752382));
#2695=CARTESIAN_POINT('Origin',(-345.970160169927,713.329023732784,681.781654694051));
#2696=CARTESIAN_POINT('',(-345.970160169927,709.419143960277,682.368471339923));
#2697=CARTESIAN_POINT('',(-345.970160169927,713.327000137322,682.381651281592));
#2698=CARTESIAN_POINT('',(-345.970160169927,709.4231911512,681.16847816484));
#2699=CARTESIAN_POINT('',(-345.970160169927,709.421167555738,681.768474752382));
#2700=CARTESIAN_POINT('',(-345.970160169927,710.340663025086,681.171572502306));
#2701=CARTESIAN_POINT('',(-345.970160169927,713.331047328246,681.181658106509));
#2702=CARTESIAN_POINT('',(-345.970160169927,714.088990224914,678.82785190259));
#2703=CARTESIAN_POINT('Origin',(-345.970160169927,713.329023732784,681.781654694051));
#2704=CARTESIAN_POINT('',(-345.970160169927,714.588987381199,678.829538232142));
#2705=CARTESIAN_POINT('',(-345.970160169927,714.588987381199,678.829538232142));
#2706=CARTESIAN_POINT('',(-345.970160169927,714.593034572123,677.629545057059));
#2707=CARTESIAN_POINT('',(-345.970160169927,714.588987381199,678.829538232142));
#2708=CARTESIAN_POINT('',(-345.970160169927,714.593034572123,677.629545057059));
#2709=CARTESIAN_POINT('',(-345.970160169927,714.564998674868,685.9421959788));
#2710=CARTESIAN_POINT('',(-345.970160169927,714.564998674868,685.9421959788));
#2711=CARTESIAN_POINT('',(-345.970160169927,714.569045865792,684.742202803717));
#2712=CARTESIAN_POINT('',(-345.970160169927,714.569045865792,684.742202803717));
#2713=CARTESIAN_POINT('',(-345.970160169927,714.569045865792,684.742202803717));
#2714=CARTESIAN_POINT('Origin',(-406.36602086144,698.252038511708,630.457010565335));
#2715=CARTESIAN_POINT('',(-343.470160169927,705.737391813669,634.812407900232));
#2716=CARTESIAN_POINT('',(-353.470160169927,701.537802043743,632.368851617217));
#2717=CARTESIAN_POINT('Origin',(-406.366020861439,708.050385989419,690.263899890597));
#2718=CARTESIAN_POINT('',(-353.470160169927,707.501055432049,689.15746982239));
#2719=CARTESIAN_POINT('Ctrl Pts',(-343.470160169927,701.022354445849,647.905715923135));
#2720=CARTESIAN_POINT('Ctrl Pts',(-355.470160169927,701.022354445849,647.905715923135));
#2721=CARTESIAN_POINT('Ctrl Pts',(-343.470160169927,702.402859198852,645.958407038927));
#2722=CARTESIAN_POINT('Ctrl Pts',(-355.470160169927,702.402859198852,645.958407038927));
#2723=CARTESIAN_POINT('Ctrl Pts',(-343.470160169927,701.221612530452,640.971518084229));
#2724=CARTESIAN_POINT('Ctrl Pts',(-355.470160169927,701.221612530452,640.971518084229));
#2725=CARTESIAN_POINT('Ctrl Pts',(-343.470160169927,701.657063258614,635.714990605833));
#2726=CARTESIAN_POINT('Ctrl Pts',(-355.470160169927,701.657063258614,635.714990605833));
#2727=CARTESIAN_POINT('Ctrl Pts',(-343.470160169927,699.463063623642,633.991443974274));
#2728=CARTESIAN_POINT('Ctrl Pts',(-355.470160169928,699.463063623642,633.991443974274));
#2729=CARTESIAN_POINT('Origin',(-329.71107226411,694.842969716492,682.499851677286));
#2730=CARTESIAN_POINT('Origin',(-346.970160169927,694.842969716492,682.499851677286));
#2731=CARTESIAN_POINT('Origin',(-343.470160169927,708.131329807895,666.264036388938));
#2732=CARTESIAN_POINT('',(-343.470160169927,713.318146862752,670.181552035294));
#2733=CARTESIAN_POINT('',(-353.470160169927,708.929301662488,666.866731103762));
#2734=CARTESIAN_POINT('Origin',(-343.470160169927,708.131329807895,666.264036388938));
#2735=CARTESIAN_POINT('',(-353.470160169927,708.222773552783,639.150941939614));
#2736=CARTESIAN_POINT('',(-343.470160169927,708.134702466998,665.264042076369));
#2737=CARTESIAN_POINT('Origin',(-343.470160169927,709.292418399623,688.268077491409));
#2738=CARTESIAN_POINT('Origin',(-348.470160169927,700.531966114251,634.097519914763));
#2739=CARTESIAN_POINT('Origin',(-348.470160169927,712.112757433104,671.777495744481));
#2740=CARTESIAN_POINT('Origin',(-343.470160169927,710.134691092136,665.270787394575));
#2741=CARTESIAN_POINT('Origin',(-349.970160169927,701.070661756054,684.24032540146));
#2742=CARTESIAN_POINT('',(-349.470160169927,707.866267048981,684.263244791865));
#2743=CARTESIAN_POINT('',(-347.470160169927,705.196599885297,684.254240863394));
#2744=CARTESIAN_POINT('Origin',(-349.970160169927,701.08752505157,679.240353838615));
#2745=CARTESIAN_POINT('',(-347.470160169927,707.883130344497,679.26327322902));
#2746=CARTESIAN_POINT('',(-349.470160169927,704.508388232492,679.251891309581));
#2747=CARTESIAN_POINT('Origin',(-349.970160169927,701.08752505157,679.240353838615));
#2748=CARTESIAN_POINT('',(-349.970160169927,705.198286214849,683.754243707109));
#2749=CARTESIAN_POINT('',(-349.970160169927,707.881444014945,679.763270385304));
#2750=CARTESIAN_POINT('Origin',(-346.970160169927,701.08752505157,679.240353838615));
#2751=CARTESIAN_POINT('',(-346.970160169927,707.867953378533,683.763247635581));
#2752=CARTESIAN_POINT('',(-346.970160169927,704.506701902941,679.751888465865));
#2753=CARTESIAN_POINT('Origin',(-349.470160169927,701.072348085606,683.740328245176));
#2754=CARTESIAN_POINT('Origin',(-347.470160169927,701.072348085606,683.740328245176));
#2755=CARTESIAN_POINT('Origin',(-347.470160169927,701.085838722019,679.740350994899));
#2756=CARTESIAN_POINT('Origin',(-349.470160169927,701.085838722019,679.740350994899));
#2757=CARTESIAN_POINT('Origin',(-344.220160169927,713.329023732784,681.781654694051));
#2758=CARTESIAN_POINT('',(-344.220160169927,710.340663025086,681.171572502306));
#2759=CARTESIAN_POINT('',(-344.220160169927,710.340663025086,681.171572502306));
#2760=CARTESIAN_POINT('Origin',(-344.220160169927,713.329023732784,681.781654694051));
#2761=CARTESIAN_POINT('',(-344.220160169927,714.088990224914,678.82785190259));
#2762=CARTESIAN_POINT('Origin',(-344.220160169927,713.329023732784,681.781654694051));
#2763=CARTESIAN_POINT('',(-344.220160169927,713.331047328246,681.181658106509));
#2764=CARTESIAN_POINT('Origin',(-352.720160169927,713.329023732784,681.781654694051));
#2765=CARTESIAN_POINT('',(-352.720160169927,710.340663025086,681.171572502306));
#2766=CARTESIAN_POINT('Origin',(-352.720160169927,713.329023732784,681.781654694051));
#2767=CARTESIAN_POINT('',(-352.720160169927,710.340663025086,681.171572502306));
#2768=CARTESIAN_POINT('',(-352.720160169927,714.088990224914,678.82785190259));
#2769=CARTESIAN_POINT('Origin',(-352.720160169927,713.329023732784,681.781654694051));
#2770=CARTESIAN_POINT('',(-352.720160169927,713.331047328246,681.181658106509));
#2771=CARTESIAN_POINT('Origin',(-343.470160169927,706.61363187875,671.508947541271));
#2772=CARTESIAN_POINT('',(-343.470160169927,703.708034084576,668.997316037967));
#2773=CARTESIAN_POINT('',(-353.470160169927,705.918455320083,670.908029083594));
#2774=CARTESIAN_POINT('Origin',(-343.470160169927,706.602670736664,674.758929057121));
#2775=CARTESIAN_POINT('',(-343.470160169927,706.610532749217,672.427840264004));
#2776=CARTESIAN_POINT('',(-353.470160169927,706.604772942742,674.135624401165));
#2777=CARTESIAN_POINT('Origin',(-343.470160169927,704.348046310765,678.001343418534));
#2778=CARTESIAN_POINT('',(-343.470160169927,706.246824539014,675.270677625291));
#2779=CARTESIAN_POINT('',(-353.470160169927,704.787707341006,677.369059290752));
#2780=CARTESIAN_POINT('Origin',(-406.36602086144,705.015945280581,667.484250175764));
#2781=CARTESIAN_POINT('Origin',(-343.470160169927,704.610544124079,672.421094945798));
#2782=CARTESIAN_POINT('Origin',(-343.470160169927,704.604784317604,674.128879082959));
#2783=CARTESIAN_POINT('Origin',(-343.470160169927,706.429747562416,678.510857833085));
#2784=CARTESIAN_POINT('Origin',(-353.470160169927,714.05709718304,688.284147220077));
#2785=CARTESIAN_POINT('',(-353.470160169927,713.707099173641,688.282966789391));
#2786=CARTESIAN_POINT('',(-353.470160169927,713.057102870471,688.280774560974));
#2787=CARTESIAN_POINT('Origin',(-353.470160169927,713.057102870471,688.280774560974));
#2788=CARTESIAN_POINT('Origin',(-355.470160169927,711.423179776339,681.175223483046));
#2789=CARTESIAN_POINT('',(-355.470160169927,709.4231911512,681.16847816484));
#2790=CARTESIAN_POINT('Origin',(-355.470160169927,711.419132585415,682.375216658129));
#2791=CARTESIAN_POINT('',(-355.470160169927,709.419143960277,682.368471339923));
#2792=CARTESIAN_POINT('Origin',(-355.470160169927,709.419143960277,682.368471339923));
#2793=CARTESIAN_POINT('Origin',(-355.470160169927,709.419143960277,682.368471339923));
#2794=CARTESIAN_POINT('',(-355.470160169927,709.419143960277,682.368471339923));
#2795=CARTESIAN_POINT('',(-355.470160169927,709.4231911512,681.16847816484));
#2796=CARTESIAN_POINT('Origin',(-355.470160169927,711.419132585415,682.375216658129));
#2797=CARTESIAN_POINT('Origin',(-355.470160169927,711.423179776339,681.175223483046));
#2798=CARTESIAN_POINT('Origin',(-348.470160169927,714.058277613726,687.934149210678));
#2799=CARTESIAN_POINT('Origin',(-406.36602086144,703.222801989938,639.134078644099));
#2800=CARTESIAN_POINT('Origin',(-350.970160169927,714.569045865792,684.742202803717));
#2801=CARTESIAN_POINT('',(-350.970160169927,714.569045865792,684.742202803717));
#2802=CARTESIAN_POINT('Origin',(-350.970160169927,714.564998674868,685.9421959788));
#2803=CARTESIAN_POINT('',(-350.970160169927,714.564998674868,685.9421959788));
#2804=CARTESIAN_POINT('Origin',(-348.470160169927,714.604311566769,674.285913173661));
#2805=CARTESIAN_POINT('Origin',(-350.970160169927,714.588987381199,678.829538232142));
#2806=CARTESIAN_POINT('',(-350.970160169927,714.588987381199,678.829538232142));
#2807=CARTESIAN_POINT('Origin',(-350.970160169927,714.593034572123,677.629545057059));
#2808=CARTESIAN_POINT('',(-350.970160169927,714.593034572123,677.629545057059));
#2809=CARTESIAN_POINT('Origin',(-348.470160169927,714.604311566769,674.285913173661));
#2810=CARTESIAN_POINT('Origin',(-343.470160169927,714.569045865792,684.742202803717));
#2811=CARTESIAN_POINT('',(-343.470160169927,714.569045865792,684.742202803717));
#2812=CARTESIAN_POINT('Origin',(-343.470160169927,714.564998674868,685.9421959788));
#2813=CARTESIAN_POINT('',(-343.470160169927,714.564998674868,685.9421959788));
#2814=CARTESIAN_POINT('Origin',(-348.470160169927,714.604311566769,674.285913173661));
#2815=CARTESIAN_POINT('Origin',(-343.470160169927,714.588987381199,678.829538232142));
#2816=CARTESIAN_POINT('',(-343.470160169927,714.588987381199,678.829538232142));
#2817=CARTESIAN_POINT('Origin',(-343.470160169927,714.593034572123,677.629545057059));
#2818=CARTESIAN_POINT('',(-343.470160169927,714.593034572123,677.629545057059));
#2819=CARTESIAN_POINT('Origin',(-348.470160169927,714.604311566769,674.285913173661));
#2820=UNCERTAINTY_MEASURE_WITH_UNIT(LENGTH_MEASURE(0.01),#2824,
'DISTANCE_ACCURACY_VALUE',
'Maximum model space distance between geometric entities at asserted c
onnectivities');
#2821=UNCERTAINTY_MEASURE_WITH_UNIT(LENGTH_MEASURE(0.01),#2824,
'DISTANCE_ACCURACY_VALUE',
'Maximum model space distance between geometric entities at asserted c
onnectivities');
#2822=(
GEOMETRIC_REPRESENTATION_CONTEXT(3)
GLOBAL_UNCERTAINTY_ASSIGNED_CONTEXT((#2820))
GLOBAL_UNIT_ASSIGNED_CONTEXT((#2824,#2825,#2826))
REPRESENTATION_CONTEXT('','3D')
);
#2823=(
GEOMETRIC_REPRESENTATION_CONTEXT(3)
GLOBAL_UNCERTAINTY_ASSIGNED_CONTEXT((#2821))
GLOBAL_UNIT_ASSIGNED_CONTEXT((#2824,#2825,#2826))
REPRESENTATION_CONTEXT('','3D')
);
#2824=(
LENGTH_UNIT()
NAMED_UNIT(*)
SI_UNIT(.MILLI.,.METRE.)
);
#2825=(
NAMED_UNIT(*)
PLANE_ANGLE_UNIT()
SI_UNIT($,.RADIAN.)
);
#2826=(
NAMED_UNIT(*)
SI_UNIT($,.STERADIAN.)
SOLID_ANGLE_UNIT()
);
#2827=SHAPE_DEFINITION_REPRESENTATION(#2828,#2829);
#2828=PRODUCT_DEFINITION_SHAPE('',$,#2831);
#2829=SHAPE_REPRESENTATION('',(#1664),#2822);
#2830=PRODUCT_DEFINITION_CONTEXT('part definition',#2835,'design');
#2831=PRODUCT_DEFINITION(
'MP4802-0000 500\X\B3\X\DF\X\B4\X\E73D\X\B4\X\F2\X\D3\X\A1\X\BB\X\FA V
8 3d printer','(Unsaved)',#2832,#2830);
#2832=PRODUCT_DEFINITION_FORMATION('',$,#2837);
#2833=PRODUCT_RELATED_PRODUCT_CATEGORY('(Unsaved)','(Unsaved)',(#2837));
#2834=APPLICATION_PROTOCOL_DEFINITION('international standard',
'automotive_design',2009,#2835);
#2835=APPLICATION_CONTEXT(
'Core Data for Automotive Mechanical Design Process');
#2836=PRODUCT_CONTEXT('part definition',#2835,'mechanical');
#2837=PRODUCT('MP4802-0000 500\X\B3\X\DF\X\B4\X\E73D\X\B4\X\F2\X\D3\X\A1
\X\BB\X\FA V8 3d printer','(Unsaved)','STEP AP214',(#2836));
#2838=PRESENTATION_STYLE_ASSIGNMENT((#2854));
#2839=PRESENTATION_STYLE_ASSIGNMENT((#2855));
#2840=PRESENTATION_STYLE_ASSIGNMENT((#2856));
#2841=PRESENTATION_STYLE_ASSIGNMENT((#2857));
#2842=PRESENTATION_STYLE_ASSIGNMENT((#2858));
#2843=PRESENTATION_STYLE_ASSIGNMENT((#2859));
#2844=PRESENTATION_STYLE_ASSIGNMENT((#2860));
#2845=PRESENTATION_STYLE_ASSIGNMENT((#2861));
#2846=PRESENTATION_STYLE_ASSIGNMENT((#2862));
#2847=PRESENTATION_STYLE_ASSIGNMENT((#2863));
#2848=PRESENTATION_STYLE_ASSIGNMENT((#2864));
#2849=PRESENTATION_STYLE_ASSIGNMENT((#2865));
#2850=PRESENTATION_STYLE_ASSIGNMENT((#2866));
#2851=PRESENTATION_STYLE_ASSIGNMENT((#2867));
#2852=PRESENTATION_STYLE_ASSIGNMENT((#2868));
#2853=PRESENTATION_STYLE_ASSIGNMENT((#2869));
#2854=SURFACE_STYLE_USAGE(.BOTH.,#2870);
#2855=SURFACE_STYLE_USAGE(.BOTH.,#2871);
#2856=SURFACE_STYLE_USAGE(.BOTH.,#2872);
#2857=SURFACE_STYLE_USAGE(.BOTH.,#2873);
#2858=SURFACE_STYLE_USAGE(.BOTH.,#2874);
#2859=SURFACE_STYLE_USAGE(.BOTH.,#2875);
#2860=SURFACE_STYLE_USAGE(.BOTH.,#2876);
#2861=SURFACE_STYLE_USAGE(.BOTH.,#2877);
#2862=SURFACE_STYLE_USAGE(.BOTH.,#2878);
#2863=SURFACE_STYLE_USAGE(.BOTH.,#2879);
#2864=SURFACE_STYLE_USAGE(.BOTH.,#2880);
#2865=SURFACE_STYLE_USAGE(.BOTH.,#2881);
#2866=SURFACE_STYLE_USAGE(.BOTH.,#2882);
#2867=SURFACE_STYLE_USAGE(.BOTH.,#2883);
#2868=SURFACE_STYLE_USAGE(.BOTH.,#2884);
#2869=SURFACE_STYLE_USAGE(.BOTH.,#2885);
#2870=SURFACE_SIDE_STYLE('',(#2886));
#2871=SURFACE_SIDE_STYLE('',(#2887));
#2872=SURFACE_SIDE_STYLE('',(#2888));
#2873=SURFACE_SIDE_STYLE('',(#2889));
#2874=SURFACE_SIDE_STYLE('',(#2890));
#2875=SURFACE_SIDE_STYLE('',(#2891));
#2876=SURFACE_SIDE_STYLE('',(#2892));
#2877=SURFACE_SIDE_STYLE('',(#2893));
#2878=SURFACE_SIDE_STYLE('',(#2894));
#2879=SURFACE_SIDE_STYLE('',(#2895));
#2880=SURFACE_SIDE_STYLE('',(#2896));
#2881=SURFACE_SIDE_STYLE('',(#2897));
#2882=SURFACE_SIDE_STYLE('',(#2898));
#2883=SURFACE_SIDE_STYLE('',(#2899));
#2884=SURFACE_SIDE_STYLE('',(#2900));
#2885=SURFACE_SIDE_STYLE('',(#2901));
#2886=SURFACE_STYLE_FILL_AREA(#2902);
#2887=SURFACE_STYLE_FILL_AREA(#2903);
#2888=SURFACE_STYLE_FILL_AREA(#2904);
#2889=SURFACE_STYLE_FILL_AREA(#2905);
#2890=SURFACE_STYLE_FILL_AREA(#2906);
#2891=SURFACE_STYLE_FILL_AREA(#2907);
#2892=SURFACE_STYLE_FILL_AREA(#2908);
#2893=SURFACE_STYLE_FILL_AREA(#2909);
#2894=SURFACE_STYLE_FILL_AREA(#2910);
#2895=SURFACE_STYLE_FILL_AREA(#2911);
#2896=SURFACE_STYLE_FILL_AREA(#2912);
#2897=SURFACE_STYLE_FILL_AREA(#2913);
#2898=SURFACE_STYLE_FILL_AREA(#2914);
#2899=SURFACE_STYLE_FILL_AREA(#2915);
#2900=SURFACE_STYLE_FILL_AREA(#2916);
#2901=SURFACE_STYLE_FILL_AREA(#2917);
#2902=FILL_AREA_STYLE('Steel - Satin',(#2918));
#2903=FILL_AREA_STYLE('Opaque(202,209,238)',(#2919));
#2904=FILL_AREA_STYLE('Opaque(60,190,212)',(#2920));
#2905=FILL_AREA_STYLE('Opaque(255,38,0)',(#2921));
#2906=FILL_AREA_STYLE('Opaque(198,193,188)',(#2922));
#2907=FILL_AREA_STYLE('Opaque(255,255,255)',(#2923));
#2908=FILL_AREA_STYLE('Opaque(63,63,63)',(#2924));
#2909=FILL_AREA_STYLE('Opaque(192,192,255)',(#2925));
#2910=FILL_AREA_STYLE('Opaque(90,255,23)',(#2926));
#2911=FILL_AREA_STYLE('Opaque(175,175,175)',(#2927));
#2912=FILL_AREA_STYLE('Opaque(192,255,255)',(#2928));
#2913=FILL_AREA_STYLE('Opaque(105,105,105)',(#2929));
#2914=FILL_AREA_STYLE('Opaque(178,178,178)',(#2930));
#2915=FILL_AREA_STYLE('Opaque(255,242,0)',(#2931));
#2916=FILL_AREA_STYLE('Opaque(0,78,207)',(#2932));
#2917=FILL_AREA_STYLE('Opaque(28,0,191)',(#2933));
#2918=FILL_AREA_STYLE_COLOUR('Steel - Satin',#2934);
#2919=FILL_AREA_STYLE_COLOUR('Opaque(202,209,238)',#2935);
#2920=FILL_AREA_STYLE_COLOUR('Opaque(60,190,212)',#2936);
#2921=FILL_AREA_STYLE_COLOUR('Opaque(255,38,0)',#2937);
#2922=FILL_AREA_STYLE_COLOUR('Opaque(198,193,188)',#2938);
#2923=FILL_AREA_STYLE_COLOUR('Opaque(255,255,255)',#2939);
#2924=FILL_AREA_STYLE_COLOUR('Opaque(63,63,63)',#2940);
#2925=FILL_AREA_STYLE_COLOUR('Opaque(192,192,255)',#2941);
#2926=FILL_AREA_STYLE_COLOUR('Opaque(90,255,23)',#2942);
#2927=FILL_AREA_STYLE_COLOUR('Opaque(175,175,175)',#2943);
#2928=FILL_AREA_STYLE_COLOUR('Opaque(192,255,255)',#2944);
#2929=FILL_AREA_STYLE_COLOUR('Opaque(105,105,105)',#2945);
#2930=FILL_AREA_STYLE_COLOUR('Opaque(178,178,178)',#2946);
#2931=FILL_AREA_STYLE_COLOUR('Opaque(255,242,0)',#2947);
#2932=FILL_AREA_STYLE_COLOUR('Opaque(0,78,207)',#2948);
#2933=FILL_AREA_STYLE_COLOUR('Opaque(28,0,191)',#2949);
#2934=COLOUR_RGB('Steel - Satin',0.627450980392157,0.627450980392157,0.627450980392157);
#2935=COLOUR_RGB('Opaque(202,209,238)',0.792156862745098,0.819607843137255,
0.933333333333333);
#2936=COLOUR_RGB('Opaque(60,190,212)',0.235294117647059,0.745098039215686,
0.831372549019608);
#2937=COLOUR_RGB('Opaque(255,38,0)',1.,0.149019607843137,0.);
#2938=COLOUR_RGB('Opaque(198,193,188)',0.776470588235294,0.756862745098039,
0.737254901960784);
#2939=COLOUR_RGB('Opaque(255,255,255)',1.,1.,1.);
#2940=COLOUR_RGB('Opaque(63,63,63)',0.250980392156863,0.250980392156863,
0.250980392156863);
#2941=COLOUR_RGB('Opaque(192,192,255)',0.752941176470588,0.752941176470588,
1.);
#2942=COLOUR_RGB('Opaque(90,255,23)',0.352941176470588,1.,0.0901960784313725);
#2943=COLOUR_RGB('Opaque(175,175,175)',0.686274509803922,0.686274509803922,
0.686274509803922);
#2944=COLOUR_RGB('Opaque(192,255,255)',0.752941176470588,1.,1.);
#2945=COLOUR_RGB('Opaque(105,105,105)',0.411764705882353,0.411764705882353,
0.411764705882353);
#2946=COLOUR_RGB('Opaque(178,178,178)',0.698039215686274,0.698039215686274,
0.698039215686274);
#2947=COLOUR_RGB('Opaque(255,242,0)',1.,0.949019607843137,0.);
#2948=COLOUR_RGB('Opaque(0,78,207)',0.,0.305882352941176,0.811764705882353);
#2949=COLOUR_RGB('Opaque(28,0,191)',0.109803921568627,0.,0.749019607843137);
ENDSEC;
END-ISO-10303-21;
